O_score,C_score,E_score,A_score,N_score,Numerical Aptitude,Spatial Aptitude,Perceptual Aptitude,Abstract Reasoning,Verbal Reasoning,GPA,Career,Cluster
5.45,8.67,3.45,5.34,4.23,7.06,4.4,3.84,4.84,7.01,3.14,Accountant,Accounting/Finance
5.45,8.67,3.45,5.34,4.23,5.1,3.42,2.2,5.33,3.79,3.46,Accountant,Accounting/Finance
6.46,9.68,4.46,6.35,5.24,5.81,4.12,2.3,6.13,4.5,3.33,Accountant,Accounting/Finance
5.96,8.72,4.2,5.85,4.55,5.3,3.96,3.47,6.12,6.04,3.29,Accountant,Accounting/Finance
6.26,9.21,4.01,6.21,5.08,6.87,3.85,3.12,4.94,5.52,3.27,Accountant,Accounting/Finance
6.11,9.22,4.07,6.01,4.25,6.09,4.29,2.9,5.55,4.79,3.23,Accountant,Accounting/Finance
6.16,9.31,3.87,5.5,5.05,6.72,3.76,3.69,6.09,6.41,3.16,Accountant,Accounting/Finance
6.25,9.4,3.7,5.41,4.51,5.73,3.53,2.38,5.51,5.99,3.42,Accountant,Accounting/Finance
6.35,9.66,3.81,5.99,4.35,6.86,3.56,3.01,5.65,4.31,3.4,Accountant,Accounting/Finance
5.79,9.19,4.22,5.37,4.93,5.86,4.17,2.22,5.74,6.72,3.46,Accountant,Accounting/Finance
5.83,9,3.46,5.93,4.87,5.12,4.03,2.97,5.43,6.44,3.46,Accountant,Accounting/Finance
5.54,9.47,3.57,6.29,5.12,6.87,3.52,2.29,5.65,6.85,3.32,Accountant,Accounting/Finance
6.03,8.94,3.5,5.92,4.97,5.28,3.5,2.39,5.59,6.13,3.39,Accountant,Accounting/Finance
5.49,9.11,3.49,5.73,5.04,5.73,4.11,2.39,6,5.77,3.44,Accountant,Accounting/Finance
5.92,8.75,4.31,5.99,4.51,6.96,3.49,3.26,4.9,5.14,3.41,Accountant,Accounting/Finance
6,8.7,4.16,5.8,4.41,6.96,4.23,3.42,5.2,6.79,3.22,Accountant,Accounting/Finance
5.74,9.64,3.93,5.89,4.99,6.22,4.11,3.16,6.07,6.58,3.28,Accountant,Accounting/Finance
6.05,9.51,3.55,6.29,5.04,6.34,3.5,3.78,5.99,3.94,3.18,Accountant,Accounting/Finance
5.48,9.37,3.95,5.73,5.23,5.98,3.5,2.81,5.43,3.87,3.45,Accountant,Accounting/Finance
5.49,9.08,3.93,6.31,4.65,5.67,4.39,2.67,5.64,5,3.33,Accountant,Accounting/Finance
6.67,7.78,3.45,6.01,5.45,7.23,4.73,4.45,6.06,6.9,3.49,Financial Advisor,Accounting/Finance
6.67,8.93,3.45,5.6,2.43,7.8,4.53,2.94,4.55,7.27,2.26,Financial Advisor,Accounting/Finance
6.47,8.73,3.25,5.4,2.23,7.6,4.33,2.74,4.35,7.07,3.19,Financial Advisor,Accounting/Finance
6.67,7.78,3.45,6.01,5.45,5.11,4.03,1.48,5.67,4.54,3.92,Financial Advisor,Accounting/Finance
6.67,8.93,3.45,5.6,2.43,5.57,4.03,2.84,6.01,4.46,2.57,Financial Advisor,Accounting/Finance
6.47,8.73,3.25,5.4,2.23,5.43,3.89,2.82,5.85,4.32,2.03,Financial Advisor,Accounting/Finance
7.68,8.79,4.46,7.02,6.46,5.82,4.73,1.58,6.48,5.24,2.78,Financial Advisor,Accounting/Finance
7.68,8.45,4.46,6.61,3.44,5.68,4.73,2.35,6.38,5.16,2.51,Financial Advisor,Accounting/Finance
7.48,9.74,4.26,6.41,3.24,6.14,4.59,2.92,6.66,5.02,2.53,Financial Advisor,Accounting/Finance
7.1,8.79,3.42,5.46,5.25,5.34,4.04,2.44,6.11,4.8,2.25,Financial Advisor,Accounting/Finance
7.5,9.32,4.03,6.7,6.02,6.55,4.64,2.74,5.73,6.72,3.81,Financial Advisor,Accounting/Finance
7.14,8.56,3.47,6.42,4.39,6.69,3.96,2.99,5.44,6.28,3.22,Financial Advisor,Accounting/Finance
7.15,9,3.67,5.53,4.48,7.12,4.33,2.2,5.3,5.86,2.66,Financial Advisor,Accounting/Finance
7.53,9.47,4.34,6.82,2.68,6.27,4.23,1.82,5.16,5.38,2.29,Financial Advisor,Accounting/Finance
6.96,9.64,3.82,6.89,4.12,5.45,4.72,3.29,6.5,6.91,3.53,Financial Advisor,Accounting/Finance
6.63,8.07,4.06,5.5,4.48,5.87,3.98,2.34,6.27,5.48,3.2,Financial Advisor,Accounting/Finance
6.5,9.6,3.46,5.85,3.26,6.09,4.22,3.21,6.58,6.73,3.04,Financial Advisor,Accounting/Finance
7.38,8.74,3.48,6.71,3.37,6.85,4.7,1.94,4.64,5.62,3.72,Financial Advisor,Accounting/Finance
7.22,8.29,3.3,6.61,3.83,6.65,4.62,2.91,6.04,5.43,3.52,Financial Advisor,Accounting/Finance
7.32,8.68,3.45,5.7,2.31,6.07,4.58,3.06,6.52,5.68,2.32,Financial Advisor,Accounting/Finance
6.78,8.67,5.23,6.45,4.01,7.73,5.84,4.62,5.4,7.56,3.66,Financial Analyst,Accounting/Finance
6.78,8.67,5.23,6.45,4.01,5.5,4.44,2.27,5.99,4.68,2.44,Financial Analyst,Accounting/Finance
7.79,9.68,6.24,7.46,5.02,6.21,5.14,2.37,6.8,5.39,3.26,Financial Analyst,Accounting/Finance
7.74,8.78,5.69,7.05,4.97,6.04,4.97,2.88,6.24,6.05,3.44,Financial Analyst,Accounting/Finance
6.89,8.82,6.22,6.68,4.08,6.33,5.45,3.66,5.6,6.41,3.25,Financial Analyst,Accounting/Finance
7.63,9.26,6.08,6.91,4.77,6.1,5.64,2.9,6.57,6.6,3.58,Financial Analyst,Accounting/Finance
6.91,9.18,5.36,6.59,4.22,6.94,5.6,3.74,6.78,5.19,3.33,Financial Analyst,Accounting/Finance
7.18,9.29,6.16,6.63,4.92,6.41,5,3.23,6.14,7.31,2.7,Financial Analyst,Accounting/Finance
7.59,8.69,6.11,6.95,4.22,5.56,5.38,3.57,5.64,5.89,2.48,Financial Analyst,Accounting/Finance
6.93,9.55,5.75,6.87,4.2,5.85,4.73,3.29,5.78,5.78,2.76,Financial Analyst,Accounting/Finance
7.01,9.61,5.83,7.37,4.05,7.1,4.85,2.96,5.43,6.17,3.17,Financial Analyst,Accounting/Finance
7.51,9.24,5.63,6.82,4.49,6.97,5.69,4.5,6.68,4.82,2.5,Financial Analyst,Accounting/Finance
7.51,9.37,5.29,7.04,4.58,5.56,4.46,4.06,5.56,5.16,3.05,Financial Analyst,Accounting/Finance
7.43,9.6,5.57,7.09,4.08,5.99,4.56,2.6,6.21,6.81,3.17,Financial Analyst,Accounting/Finance
7.48,9.38,6.04,6.46,4.79,6.02,4.73,4.31,5.78,4.92,2.85,Financial Analyst,Accounting/Finance
7.33,8.82,5.23,7.12,4.47,7,4.48,3.42,6.18,6.42,3.38,Financial Analyst,Accounting/Finance
7.03,9.25,5.57,6.63,4.54,5.54,4.69,4.37,6.31,5.39,2.57,Financial Analyst,Accounting/Finance
7.13,9.28,5.63,7.42,4.46,5.73,5.26,4.15,6.56,5.8,2.53,Financial Analyst,Accounting/Finance
6.96,9.1,5.77,6.6,4.41,7.28,5.03,3.27,5.69,5.51,3.33,Financial Analyst,Accounting/Finance
7.7,9.41,6.16,6.87,4.58,5.9,5.69,2.32,5.42,5.7,3.04,Financial Analyst,Accounting/Finance
6.78,8.67,4.45,6.01,4.78,7.73,5.23,4.62,5.78,7.34,3.05,Financial Auditor,Accounting/Finance
6.78,8.67,4.45,6.01,4.78,5.5,4.28,2.03,5.99,4.59,3.87,Financial Auditor,Accounting/Finance
7.79,9.68,5.46,7.02,5.79,6.21,4.99,2.14,6.8,5.3,2.62,Financial Auditor,Accounting/Finance
7.27,9.51,4.47,6.3,5.01,5.84,4.53,4.28,6.07,6.54,3.87,Financial Auditor,Accounting/Finance
7.59,8.89,4.49,6.89,5.08,7.6,5.06,3.9,6.5,6.29,2.7,Financial Auditor,Accounting/Finance
7.48,9.67,5.05,6.54,5.02,6.95,4.49,3.31,6.63,7.29,3.35,Financial Auditor,Accounting/Finance
7.05,9.62,4.68,6.96,4.82,6.86,4.49,2.24,6.49,6.33,3.05,Financial Auditor,Accounting/Finance
7.38,8.71,4.57,6.82,4.8,6.64,4.79,2.6,6.47,5.3,3.4,Financial Auditor,Accounting/Finance
7.14,9.38,4.53,7.02,5.78,6.01,4.84,3.8,6.41,6.33,2.68,Financial Auditor,Accounting/Finance
6.87,9.6,5.15,6.36,5.21,5.89,4.83,2.23,6.55,6.07,3.71,Financial Auditor,Accounting/Finance
7.71,8.85,4.79,6.78,5.17,5.99,4.37,4.23,5.94,6.73,3.84,Financial Auditor,Accounting/Finance
6.92,9.24,5.18,6.42,5.47,5.92,5.11,3.31,6.68,4.88,3.83,Financial Auditor,Accounting/Finance
7.74,9.59,4.52,6.49,5,7.24,4.53,3.27,6.67,6.68,3.56,Financial Auditor,Accounting/Finance
7.23,8.7,4.77,6.64,5.74,6.28,4.4,3.56,5.81,6.08,2.78,Financial Auditor,Accounting/Finance
6.97,9.37,4.99,6.89,5.57,5.63,5.12,4.17,6.62,7.24,3.57,Financial Auditor,Accounting/Finance
7.33,8.97,5.25,7,4.87,7.66,5.19,2.93,5.91,5.53,2.65,Financial Auditor,Accounting/Finance
7.66,9.6,4.77,6.79,5.2,7.47,5.1,3.79,6.12,6.33,2.65,Financial Auditor,Accounting/Finance
7.52,9.65,5.08,6.43,5.67,7.57,5.05,3.5,6.54,7.15,3.02,Financial Auditor,Accounting/Finance
7.59,9.62,5.34,6.44,5.73,7.72,4.9,2.72,5.94,4.87,3.23,Financial Auditor,Accounting/Finance
7.45,9.15,5.07,6.75,5.25,5.89,4.8,4.31,6.61,7.17,3.58,Financial Auditor,Accounting/Finance
5.67,8.78,6.67,6.34,4.34,7.23,6.51,5.51,5.01,7.56,3.05,Financial Planner,Accounting/Finance
5.67,8.78,6.67,6.34,4.34,5.21,4.17,2.21,5.47,4.1,2.89,Financial Planner,Accounting/Finance
6.68,9.79,7.68,7.35,5.35,5.92,4.88,2.31,6.28,4.81,2.51,Financial Planner,Accounting/Finance
6.08,9.4,6.96,6.42,5.16,6.22,4.26,2.99,5.59,7.1,2.98,Financial Planner,Accounting/Finance
6.1,9.68,7.47,7.04,4.74,5.37,5.47,5.07,6.24,4.92,2.62,Financial Planner,Accounting/Finance
6.13,9.01,7.16,7.21,4.47,7.02,5.85,4.12,5.24,4.35,2.57,Financial Planner,Accounting/Finance
5.84,9,6.79,7.13,4.91,6.32,4.7,3.66,6.1,4.69,2.66,Financial Planner,Accounting/Finance
6.47,8.81,6.8,6.38,5.04,6.86,6.5,4.6,5.64,5.9,2.54,Financial Planner,Accounting/Finance
6.37,9.44,7.36,6.83,5.15,6.12,6.45,3.82,5.32,5.27,2.8,Financial Planner,Accounting/Finance
5.89,9.15,7.1,6.45,4.54,6.51,5.69,5.09,6.12,6.97,3.02,Financial Planner,Accounting/Finance
5.75,9.65,6.87,6.58,4.51,6.27,4.64,5.18,5.58,5.59,2.53,Financial Planner,Accounting/Finance
6.36,9.26,7.17,7.34,4.45,6.69,5.76,3.6,5.66,4.96,2.58,Financial Planner,Accounting/Finance
6.33,9.76,6.73,6.48,4.98,5.37,4.34,3.12,5.47,6.24,2.75,Financial Planner,Accounting/Finance
5.95,8.97,7.26,6.84,5.05,5.33,4.24,4.16,5.76,6.55,3.01,Financial Planner,Accounting/Finance
6.63,9.66,6.94,6.96,4.37,5.71,4.77,5.22,5.22,4.68,2.68,Financial Planner,Accounting/Finance
5.82,9.56,7.48,7.05,5.29,5.53,5.25,2.91,5.51,4.68,2.78,Financial Planner,Accounting/Finance
6.11,9.56,6.98,6.91,4.39,6.97,6.2,4.27,6.24,4.23,2.53,Financial Planner,Accounting/Finance
6.62,9.63,7.13,6.35,4.89,5.65,5.87,4.29,5.34,6.65,2.59,Financial Planner,Accounting/Finance
6.09,9.55,6.68,6.67,5.06,7.18,5.91,4.63,5.84,6.4,3.04,Financial Planner,Accounting/Finance
6.31,9.41,6.74,6.86,5.22,5.89,5.17,2.64,5.42,5.74,3.03,Financial Planner,Accounting/Finance
6.78,8.45,3.45,6.45,5.45,7.62,4.95,4.45,6.12,7.45,2.41,Insurance Underwriter,Accounting/Finance
6.98,8.65,3.65,6.65,5.65,7.82,5.15,4.65,6.32,7.65,2.16,Insurance Underwriter,Accounting/Finance
6.78,8.45,3.45,6.45,5.45,5.41,4.08,1.75,5.93,4.68,2.75,Insurance Underwriter,Accounting/Finance
6.98,8.65,3.65,6.65,5.65,5.55,4.22,1.77,6.09,4.82,2.78,Insurance Underwriter,Accounting/Finance
7.79,9.46,4.46,7.46,6.46,6.12,4.79,1.85,6.73,5.39,3.92,Insurance Underwriter,Accounting/Finance
7.99,9.66,4.66,7.66,6.66,6.26,4.93,1.87,6.89,5.53,2.78,Insurance Underwriter,Accounting/Finance
7.33,9.05,4.14,6.74,6.43,6.16,5.1,3.45,6.59,7.29,3.49,Insurance Underwriter,Accounting/Finance
7.4,9.2,4.34,6.9,6.32,6.88,4.72,2.24,6.88,6.61,2.77,Insurance Underwriter,Accounting/Finance
7.37,9.5,4.51,6.72,6.61,7.14,4.96,3.89,6.05,6.26,3.33,Insurance Underwriter,Accounting/Finance
7.59,9.14,3.94,6.54,5.47,6.07,5.03,4.25,6.03,5.64,3.56,Insurance Underwriter,Accounting/Finance
6.95,8.49,3.85,7.18,5.69,6.41,4.32,2.38,6.63,5.67,3.79,Insurance Underwriter,Accounting/Finance
6.82,9.58,4.26,7.26,5.46,5.7,4.31,2.03,6.49,6.67,2.57,Insurance Underwriter,Accounting/Finance
7.15,9.28,4.43,7.2,6.23,5.85,4.73,1.82,6.19,7.63,2.86,Insurance Underwriter,Accounting/Finance
7.63,9.27,4.37,7.01,6.54,7.05,4.52,3.61,6.01,6.65,2.43,Insurance Underwriter,Accounting/Finance
7.02,8.71,4.42,6.91,5.74,5.85,4.98,3.51,6.01,6.34,3.91,Insurance Underwriter,Accounting/Finance
7.59,9.25,3.98,7.49,6.57,6.68,5.04,3.34,6.79,6.85,3.79,Insurance Underwriter,Accounting/Finance
7.95,8.93,4.44,7.08,5.52,7.12,4.46,2.42,6.11,6.06,3.11,Insurance Underwriter,Accounting/Finance
6.89,9.24,3.6,7.03,6.58,5.67,4.33,2.88,6.24,4.86,3.64,Insurance Underwriter,Accounting/Finance
7.59,8.58,4.11,6.48,5.88,6.78,4.92,3.47,6.15,6.35,3.08,Insurance Underwriter,Accounting/Finance
7.32,9.25,3.46,6.86,5.57,6.03,4.37,3.19,6.27,7.52,3.26,Insurance Underwriter,Accounting/Finance
7.23,8.23,8.67,6.45,6.01,7.73,7.56,7.34,6.62,7.34,3.75,Investment Banker,Accounting/Finance
7.43,8.43,8.87,6.65,6.21,7.93,7.76,7.54,6.82,7.54,2.44,Investment Banker,Accounting/Finance
7.23,8.23,8.67,6.45,6.01,5.46,5.35,1.49,6.08,4.91,2.59,Investment Banker,Accounting/Finance
7.43,8.43,8.87,6.65,6.21,5.6,5.49,1.51,6.24,5.05,2.28,Investment Banker,Accounting/Finance
8.24,9.24,9.68,7.46,7.02,6.17,6.06,1.59,6.89,5.61,3.47,Investment Banker,Accounting/Finance
8.44,9.44,9.88,7.66,7.22,6.31,6.2,1.61,7.05,5.75,2.81,Investment Banker,Accounting/Finance
7.6,9.29,9.28,6.52,6.76,5.99,7.24,5.95,6.82,6.49,3.48,Investment Banker,Accounting/Finance
7.55,9.28,9.15,7.39,6.65,5.49,7.5,4.59,6.34,6.44,3.55,Investment Banker,Accounting/Finance
7.67,9.21,8.85,7.01,6.53,6.06,7.65,5.61,6.1,6.88,3.52,Investment Banker,Accounting/Finance
7.34,9.19,9.11,6.52,6.17,7.87,7.25,1.74,6.16,7.04,3.63,Investment Banker,Accounting/Finance
8.36,8.6,8.75,7.65,7.08,7.44,6.11,2,7.02,6.64,2.65,Investment Banker,Accounting/Finance
7.9,8.33,8.7,6.52,6.55,7.83,7.01,5.82,6.37,5.25,3.39,Investment Banker,Accounting/Finance
7.6,8.72,8.83,7.29,6.25,6.66,6.4,1.93,6.83,5.8,2.96,Investment Banker,Accounting/Finance
7.71,8.44,9.84,7.64,6.45,5.73,5.96,1.92,6.69,7.35,3.52,Investment Banker,Accounting/Finance
7.77,9.07,9.33,6.74,6.51,6.81,7.38,1.56,6.45,5.5,3.35,Investment Banker,Accounting/Finance
7.96,8.65,9.84,6.62,7.01,6.58,5.44,7.28,6.28,5.89,3.42,Investment Banker,Accounting/Finance
7.85,9.41,9.19,6.6,6.9,7.55,7.52,5.95,6.2,6.05,3.24,Investment Banker,Accounting/Finance
8.34,9.01,9.05,6.82,6.94,5.7,6.46,3.63,6.68,6.07,2.54,Investment Banker,Accounting/Finance
7.83,9.23,9.28,6.57,6.02,6.67,6.89,3.28,6.83,6.52,3.08,Investment Banker,Accounting/Finance
8.43,8.39,9.2,7.29,6.51,5.83,6.94,3.61,6.7,7.39,3.73,Investment Banker,Accounting/Finance
8.45,7.78,5.67,7.34,6.45,8.12,6.51,6.06,7.45,7.56,3.47,Market Research Analyst,Accounting/Finance
8.45,7.78,5.67,7.34,6.45,5.65,5.36,1.18,6.56,5.69,3.09,Market Research Analyst,Accounting/Finance
9.46,8.79,6.68,8.35,7.46,6.35,6.07,1.28,7.37,6.4,3.73,Market Research Analyst,Accounting/Finance
8.67,8.19,6.56,7.91,6.67,7.7,5.54,1.49,7.06,6.6,3.42,Market Research Analyst,Accounting/Finance
8.96,8.59,6.68,7.91,7.05,6.32,6.06,5.6,6.97,6,3.22,Market Research Analyst,Accounting/Finance
9.3,7.99,6.04,7.95,7.19,6.93,5.52,1.86,7.43,7.46,3.65,Market Research Analyst,Accounting/Finance
9.19,8.34,6.12,8.02,7.46,6.39,6.22,3.78,7.1,7.28,3.65,Market Research Analyst,Accounting/Finance
9,8.52,6.4,8.15,7.39,7.97,6.12,3.19,6.87,6.94,3.65,Market Research Analyst,Accounting/Finance
9.05,8.4,6.57,7.61,7.1,6.29,6.46,2.88,6.66,6.55,3.24,Market Research Analyst,Accounting/Finance
8.96,7.97,6.27,8.17,6.88,6.71,5.44,5.57,6.69,6.46,3.38,Market Research Analyst,Accounting/Finance
8.75,8.14,6.07,7.84,7.09,7.81,5.43,1.29,6.76,6.91,3.72,Market Research Analyst,Accounting/Finance
9.02,8.57,6.09,7.42,7.24,7.73,5.68,4.42,6.78,6.71,3.58,Market Research Analyst,Accounting/Finance
9.15,8.34,6.37,7.4,6.57,6.11,5.66,5.88,7.32,5.81,3.11,Market Research Analyst,Accounting/Finance
9.33,7.79,5.67,7.68,6.86,7.63,5.64,3.91,7.06,6.65,3.13,Market Research Analyst,Accounting/Finance
9.09,8.55,6.3,8.13,7.3,6.78,6.4,5.75,7.03,7.2,3.39,Market Research Analyst,Accounting/Finance
9.22,7.82,6.03,8.05,6.84,6.84,5.65,1.44,6.66,6.55,3.67,Market Research Analyst,Accounting/Finance
8.61,8.53,6.47,8.14,7.03,5.98,5.67,3.22,7.33,5.79,3.43,Market Research Analyst,Accounting/Finance
8.92,7.98,5.76,7.86,7.04,5.85,6.23,2.45,7.2,7.16,3.41,Market Research Analyst,Accounting/Finance
8.46,8.75,6.26,7.78,6.64,7.45,5.88,4.75,6.62,6.07,3.16,Market Research Analyst,Accounting/Finance
8.7,8.15,6.16,7.49,6.82,6.88,6.25,5.97,7.19,6.17,3.51,Market Research Analyst,Accounting/Finance
6.12,7.01,8.67,7.89,5.34,6.57,8.28,7.01,5.73,7.45,2.67,Real Estate Agent,Accounting/Finance
6.12,7.01,8.67,7.89,5.34,4.64,4.79,1.2,5.16,4.64,2.82,Real Estate Agent,Accounting/Finance
7.13,8.02,9.68,8.9,6.35,5.35,5.5,1.3,5.97,5.35,3.37,Real Estate Agent,Accounting/Finance
7.09,7.21,8.68,8.07,5.41,6.39,7.6,1.48,5.9,5.72,2.87,Real Estate Agent,Accounting/Finance
6.33,7.2,9.24,8.61,5.52,5.93,4.85,6.45,5.7,6.01,2.81,Real Estate Agent,Accounting/Finance
6.65,7.91,9.2,8.72,6.2,5.72,8.15,6.15,5.83,6.47,3.03,Real Estate Agent,Accounting/Finance
6.41,7.67,9.4,7.99,5.57,4.85,7.33,5.08,5.87,7.31,2.67,Real Estate Agent,Accounting/Finance
6.92,7.16,9.57,8.13,6.19,5.5,5.85,4.65,5.62,6.33,2.68,Real Estate Agent,Accounting/Finance
6.7,7.45,8.75,8.03,5.62,5.53,7.68,6.38,5.58,6.73,2.82,Real Estate Agent,Accounting/Finance
6.76,7.63,9.41,8.24,5.99,6.31,5.77,2.28,5.51,6.06,2.7,Real Estate Agent,Accounting/Finance
6.93,7.09,8.86,8.34,6.04,5.7,7.84,1.66,5.42,6.42,2.75,Real Estate Agent,Accounting/Finance
6.52,7.9,9.54,8.65,5.86,5.37,5.18,2.59,5.51,4.84,2.91,Real Estate Agent,Accounting/Finance
7.04,7.82,9.5,8.55,5.65,6.53,7.25,5.82,5.79,5.35,3.23,Real Estate Agent,Accounting/Finance
6.66,7.52,9.22,8.52,5.55,4.85,6.68,1.4,5.65,5.66,3.07,Real Estate Agent,Accounting/Finance
6.28,7.99,9.39,8.25,5.37,5.46,5.13,4.59,5.88,5.97,3.03,Real Estate Agent,Accounting/Finance
6.82,7.43,8.99,8.74,5.65,4.72,5.63,6.98,5.52,4.77,2.88,Real Estate Agent,Accounting/Finance
6.92,8,9.15,8.37,6,6.07,4.83,6.17,5.65,5.03,3.32,Real Estate Agent,Accounting/Finance
6.44,7.68,9.5,8.88,6.29,6.41,6.43,4.23,5.67,5.42,2.95,Real Estate Agent,Accounting/Finance
6.99,7.65,9.13,8.53,6.22,5.18,5.84,1.57,5.64,7.37,2.73,Real Estate Agent,Accounting/Finance
7.04,7.18,9.03,8.02,6.11,6.3,6.88,6.03,5.73,5.57,3.1,Real Estate Agent,Accounting/Finance
7.67,9.23,4.23,7.34,6.45,8.45,5.79,5.34,7.06,8.29,2.53,Tax Accountant,Accounting/Finance
7.87,9.43,4.43,7.54,6.65,8.65,5.99,5.54,7.26,8.49,2.15,Tax Accountant,Accounting/Finance
7.67,9.23,4.23,7.34,6.45,5.99,4.68,1.76,6.6,5.3,3.09,Tax Accountant,Accounting/Finance
7.87,9.43,4.43,7.54,6.65,6.13,4.82,1.78,6.76,5.44,2.82,Tax Accountant,Accounting/Finance
8.68,7.6,5.24,8.35,7.46,5.64,5.39,0.8,6.62,6.01,3.04,Tax Accountant,Accounting/Finance
8.88,7.65,5.44,8.55,7.66,5.72,5.53,0.76,6.74,6.15,2.47,Tax Accountant,Accounting/Finance
8.73,9.24,7.44,7.88,7.39,6.06,5.76,5.38,7.24,5.95,2.98,Tax Accountant,Accounting/Finance
8.27,9.36,6.72,7.22,7.48,7.1,5.97,3.43,7.2,7.73,2.57,Tax Accountant,Accounting/Finance
8.52,9.37,7.35,6.09,7.39,5.72,5.06,2.42,7.08,6.53,2.63,Tax Accountant,Accounting/Finance
8.87,9.25,6.98,7.14,7.62,7.16,5.94,3.53,6.95,6.93,2.74,Tax Accountant,Accounting/Finance
7.83,9.31,5.53,5.42,7.45,8.54,5.19,1.43,7.17,6.87,3.02,Tax Accountant,Accounting/Finance
8,9.33,7.41,5.55,7.39,6.8,5.19,2.88,6.69,7.14,2.17,Tax Accountant,Accounting/Finance
8.15,9.31,5.4,7.64,7.35,5.76,5.13,3.75,7.12,8.06,2.6,Tax Accountant,Accounting/Finance
8.18,9.26,6.53,6.16,7.55,5.73,5.39,3.1,6.68,8.43,2.8,Tax Accountant,Accounting/Finance
8.17,9.32,5.58,7.68,7.54,6.81,4.88,2.68,7.12,6.6,2.83,Tax Accountant,Accounting/Finance
8.77,9.39,5.27,7.78,7.45,6.12,5.41,5.51,6.78,7.94,2.8,Tax Accountant,Accounting/Finance
7.73,9.23,7,7.2,7.49,8.31,5.13,3.36,6.85,8.15,3.09,Tax Accountant,Accounting/Finance
8.41,9.25,5.95,8.19,7.47,7.92,5.68,3.74,7.22,7.13,2.43,Tax Accountant,Accounting/Finance
8.04,9.3,6.41,6.09,7.44,7.02,5.77,3.48,6.7,8.35,2.49,Tax Accountant,Accounting/Finance
8.67,9.43,6.63,5.61,7.56,6.51,5.26,3.73,6.91,5.94,2.91,Tax Accountant,Accounting/Finance
8.78,7.67,3.67,6.45,5.34,8.23,5.06,4.51,7.06,7.06,3.88,Biologist,Biology
8.78,7.67,3.67,6.45,5.34,5.7,5.12,1.47,6.69,5.68,2.91,Biologist,Biology
9.79,8.68,4.68,7.46,6.35,6.41,5.83,1.57,7.5,6.39,3.52,Biologist,Biology
9.62,7.78,4.59,7.26,5.34,7.48,5.34,2.67,7.17,6.39,3.37,Biologist,Biology
9.08,8.49,3.99,7.01,5.59,5.71,5.34,3.64,6.7,6.16,2.97,Biologist,Biology
8.79,8.63,4.15,6.98,6.09,6.12,5.1,2.08,7.07,6.19,3.84,Biologist,Biology
9.53,7.74,3.9,6.59,5.66,7.5,5.65,4.18,7.47,5.68,3.82,Biologist,Biology
9.62,8.63,4.32,7.23,5.44,7.39,5.38,2.34,7.11,6.09,3.67,Biologist,Biology
9.53,8.2,4.66,6.72,5.7,8.14,5.69,2.59,7.24,6.57,3.87,Biologist,Biology
8.92,7.97,4.28,6.95,5.61,7.63,5.71,1.65,6.94,7.02,3.44,Biologist,Biology
9.54,7.75,4.03,6.74,6.19,8.11,5.22,1.81,7.32,6.85,3.84,Biologist,Biology
9.56,8.18,4.32,6.59,5.66,7.48,5.57,3.04,7.32,5.71,2.98,Biologist,Biology
9.45,8.47,3.79,7.09,6.14,6.45,5.42,2.28,7.11,6.92,3.26,Biologist,Biology
9.55,8.38,4.57,6.5,6.24,5.97,5.74,4.01,7.48,6.76,3.13,Biologist,Biology
9.63,7.72,4.18,7.21,5.78,7.68,5.23,1.51,6.79,6.76,3.1,Biologist,Biology
9.4,7.74,4.12,6.77,6.26,7.33,5.58,2.62,6.7,6.31,3.05,Biologist,Biology
8.87,8.08,4.26,6.45,5.72,5.82,5.53,2.5,7.31,6.23,3.51,Biologist,Biology
9.27,7.97,4.3,6.97,6.31,6.61,5.29,1.53,7.34,6.1,3.67,Biologist,Biology
8.86,7.9,3.74,6.5,5.43,8.12,5.17,1.85,6.79,5.77,3.47,Biologist,Biology
9.19,7.95,4.36,6.73,6.03,6.97,5.56,2.73,6.91,5.99,3.05,Biologist,Biology
9.23,7.67,4.23,5.12,4.67,8.45,4.68,4.45,6.95,6.4,3.19,Biomedical Researcher,Biology
9.43,7.87,4.43,5.32,4.87,8.65,4.88,4.65,7.15,6.6,3.95,Biomedical Researcher,Biology
9.23,7.67,4.23,5.12,4.67,5.84,5.46,1.67,6.92,5.64,3.54,Biomedical Researcher,Biology
9.43,7.87,4.43,5.32,4.87,5.98,5.6,1.69,7.08,5.78,2.13,Biomedical Researcher,Biology
9.1,8.68,5.24,6.13,5.68,6.2,5.6,1.77,7.15,5.78,2.52,Biomedical Researcher,Biology
8.34,8.88,5.44,6.33,5.88,6.05,5.26,1.79,6.83,5.44,3.74,Biomedical Researcher,Biology
8.52,8.64,4.58,5.63,5.25,7.55,5.56,2.39,7.09,5.73,2.6,Biomedical Researcher,Biology
9.2,8.34,4.6,6.03,4.99,6.72,5.05,3.8,7.13,6.26,2.42,Biomedical Researcher,Biology
9.14,8.15,4.66,5.24,5.02,6.6,5.45,1.94,7,5.94,2.42,Biomedical Researcher,Biology
8.76,7.83,4.98,5.46,5.46,7.52,4.85,2.26,6.89,5.95,2.26,Biomedical Researcher,Biology
8.37,8.72,4.63,5.45,5.84,8.27,5.3,4.28,7.03,6.19,2.47,Biomedical Researcher,Biology
9.25,7.86,5.12,5.64,5.4,8.5,5.58,3.87,7.07,6.53,3.34,Biomedical Researcher,Biology
8.35,8.04,4.72,6.31,4.76,6.14,4.77,1.71,7.07,5.51,3.73,Biomedical Researcher,Biology
9.11,8.02,4.31,5.2,4.76,6.28,4.69,2.41,7,6.4,3.61,Biomedical Researcher,Biology
9.4,8.72,5.18,5.75,5.82,8.49,5.08,2.31,6.85,5.78,3.38,Biomedical Researcher,Biology
8.82,8.48,4.58,5.34,5.03,7.91,4.77,2.48,6.95,5.95,2.33,Biomedical Researcher,Biology
8.6,8.63,4.75,6.29,4.78,8.32,5.37,2.41,7.12,5.47,2.66,Biomedical Researcher,Biology
9.11,7.97,5.06,5.26,5.39,6.41,5.52,1.86,7.02,5.79,2.69,Biomedical Researcher,Biology
9.23,8.43,4.63,5.61,5.42,7.49,5.08,3.04,7,6.02,2.58,Biomedical Researcher,Biology
8.94,8.36,4.3,6.01,5.45,7.81,4.92,3.85,6.92,5.51,3.07,Biomedical Researcher,Biology
8.78,7.67,4.01,5.23,4.56,8.23,4.62,4.29,6.67,6.45,3.92,Biotechnologist,Biology
8.78,7.67,4.01,5.23,4.56,5.7,5.19,1.7,6.69,5.44,3.94,Biotechnologist,Biology
9.79,8.68,5.02,6.24,5.57,6.41,5.9,1.8,7.5,6.14,3.86,Biotechnologist,Biology
9.7,8.35,4.62,5.35,4.57,7.92,5.46,3.62,7.02,6.04,3.93,Biotechnologist,Biology
9.74,7.85,4.26,5.84,5.29,6.69,5.53,2.14,7.42,5.71,3.93,Biotechnologist,Biology
9.11,8.37,4.07,5.35,5.1,7.07,4.63,2.2,7.09,6.11,3.89,Biotechnologist,Biology
9.14,7.9,4.4,5.57,5.4,8.15,4.9,4.01,6.83,6.26,3.93,Biotechnologist,Biology
9.29,7.79,4.25,5.37,5.39,5.87,5.47,3.64,6.73,6.23,3.94,Biotechnologist,Biology
9.73,7.84,4.23,5.93,5.41,7.34,5.24,4.05,7.25,6.21,3.93,Biotechnologist,Biology
9.67,7.67,4.98,5.44,5.05,5.89,4.63,3.67,6.99,5.63,3.93,Biotechnologist,Biology
8.88,8.4,4.63,5.63,4.9,6.65,5.65,3.25,7.35,5.53,3.88,Biotechnologist,Biology
9.18,8.41,4.57,6.13,5.36,7.73,5.61,3.39,7.22,6.15,3.91,Biotechnologist,Biology
9.34,8.19,4.43,5.44,5.02,6.8,5.32,4,7.33,5.81,3.87,Biotechnologist,Biology
9.29,7.83,4.44,5.74,4.75,8.22,4.71,3.2,6.9,5.88,3.87,Biotechnologist,Biology
8.98,7.75,4.56,5.65,5.42,7.11,5.6,3.34,7.24,5.47,3.94,Biotechnologist,Biology
9.65,7.69,4.71,5.25,5.45,6.51,5.37,2.11,6.89,5.7,3.89,Biotechnologist,Biology
9.46,7.84,4.72,6.03,5.03,6.26,5.62,2.93,7.45,5.47,3.92,Biotechnologist,Biology
9.63,8.57,4.18,5.3,4.64,6.59,5.58,3.56,7.2,6.33,3.92,Biotechnologist,Biology
9.65,7.91,4.52,5.71,4.95,6.64,5.65,2.4,6.94,5.69,3.93,Biotechnologist,Biology
9.54,8.03,4.43,5.8,5.37,5.87,5.28,2.22,6.89,6,3.94,Biotechnologist,Biology
9.09,7.87,4.65,5.32,6.21,8.48,4.99,5.43,7.65,6.6,3.87,Ecologist,Biology
9.09,7.87,4.65,5.32,6.21,5.88,5.48,1.29,6.91,5.61,3.64,Ecologist,Biology
9.2,8.88,5.66,6.33,7.22,6.31,5.73,1.39,7.26,5.87,2.78,Ecologist,Biology
9.1,8.87,5.33,6.11,6.82,6.05,5.58,1.86,7.31,5.78,2.94,Ecologist,Biology
9.09,8.63,5.33,5.94,7.1,8.42,5.23,3.69,7.53,6.17,3.19,Ecologist,Biology
9.13,8.32,5.03,6.03,7.1,8,5.21,3.38,7.64,6.18,3.65,Ecologist,Biology
9.18,8.58,5.6,6.17,6.88,8.1,5.16,1.89,7.57,6.09,3.18,Ecologist,Biology
9.15,8.26,4.82,6.13,6.42,8.32,5.09,3.87,7.18,6.25,2.87,Ecologist,Biology
9.12,8.1,5.16,6.29,7.08,6.1,5.18,2.42,7.05,5.84,3.39,Ecologist,Biology
9.16,8.47,5.35,5.86,7.1,6.88,5.25,3.31,7.27,6.16,3.7,Ecologist,Biology
9.12,8.81,5.35,5.81,6.41,6.06,5.49,1.63,7.46,5.98,3.65,Ecologist,Biology
9.09,8.81,5.31,5.73,6.95,6.43,5.04,3.19,7.27,6.27,2.97,Ecologist,Biology
9.17,8.22,4.93,5.48,6.5,6.48,5.15,2.56,7.27,5.75,3.51,Ecologist,Biology
9.16,8.4,4.81,5.9,7.02,7.1,5.59,4.69,7.53,6.18,3.02,Ecologist,Biology
9.17,8.08,5.29,5.6,7.22,6.58,5.1,1.53,7.18,5.79,3.02,Ecologist,Biology
9.09,8.88,5.26,6.25,6.24,6.14,5.24,3.02,7.55,5.89,3.73,Ecologist,Biology
9.18,8.86,4.83,5.91,7.12,6.32,5.63,3.19,7.21,5.83,3.05,Ecologist,Biology
9.16,8.53,5.36,5.92,6.84,6.26,5.1,4.29,7.15,5.79,3.07,Ecologist,Biology
9.15,8.68,5.11,5.68,7.19,8.41,5.05,3.67,7.25,6.43,2.78,Ecologist,Biology
9.16,8.59,5.32,5.37,6.68,7.85,5.35,4.05,7.47,5.89,3.73,Ecologist,Biology
8.78,7.67,4.01,5.12,4.67,8.23,4.57,4.34,6.73,6.4,2.58,Forensic Scientist,Biology
8.58,7.47,3.81,4.92,4.47,8.03,4.37,4.14,6.53,6.2,2.77,Forensic Scientist,Biology
8.78,7.67,4.01,5.12,4.67,5.7,5.19,1.67,6.69,5.41,2.59,Forensic Scientist,Biology
8.58,7.47,3.81,4.92,4.47,5.56,5.05,1.65,6.53,5.27,3.65,Forensic Scientist,Biology
9.79,8.68,5.02,6.13,5.68,6.41,5.9,1.77,7.5,6.12,3.97,Forensic Scientist,Biology
9.59,8.48,4.82,5.93,5.48,6.27,5.76,1.75,7.34,5.98,3.44,Forensic Scientist,Biology
8.53,7.2,3.81,5.2,5.03,8.18,4.36,4.21,6.51,6.36,3.15,Forensic Scientist,Biology
8.84,8.07,4.5,5.49,4.85,7.93,4.45,4.3,6.42,6.35,2.94,Forensic Scientist,Biology
9.09,8.1,4.35,5.6,5.03,5.49,5.56,1.65,6.62,5.04,2.87,Forensic Scientist,Biology
8.89,7.83,4.23,4.95,4.45,5.51,5.32,1.76,6.91,5.32,2.96,Forensic Scientist,Biology
8.74,7.8,4.03,5.09,4.2,5.73,5.23,1.7,6.72,5.41,3.79,Forensic Scientist,Biology
9.3,8.1,4.5,5.6,5.1,5.46,4.8,1.67,6.3,5.7,3.25,Forensic Scientist,Biology
8.6,7.68,4.03,5.08,4.62,5.42,5.08,1.77,6.87,5,2.88,Forensic Scientist,Biology
8.55,7.53,4.33,5.25,4.54,5.3,5.15,1.65,6.41,5,3.59,Forensic Scientist,Biology
8.44,7.6,3.98,4.73,4.31,5.49,4.89,1.64,6.56,5.2,2.94,Forensic Scientist,Biology
8.45,7.21,3.62,5,4.44,5.88,5.36,1.84,6.74,5.28,3.72,Forensic Scientist,Biology
9.16,8.56,4.83,6.3,5.64,6.5,5.7,1.74,7.29,6.08,3.38,Forensic Scientist,Biology
9.79,8.64,4.84,6.3,5.66,6.15,5.25,1.81,7.34,6.4,2.69,Forensic Scientist,Biology
9.33,8.27,4.75,6.04,5.27,5.45,5.37,1.79,7.7,6,3.76,Forensic Scientist,Biology
9.41,8.14,4.96,5.97,5.39,6.2,5.77,1.77,7.41,6.16,3.29,Forensic Scientist,Biology
9.12,7.45,4.01,5.23,4.67,8.29,4.62,4.34,6.9,6.34,3.58,Geologist,Biology
9.5,8.1,4.01,5.23,3.1,8.8,4.62,3.56,6.3,6.67,2.61,Geologist,Biology
9.3,7.9,3.81,5.03,2.9,8.6,4.42,3.36,6.1,6.47,2.47,Geologist,Biology
9.12,7.45,4.01,5.23,4.67,5.72,5.36,1.58,6.8,5.61,3.55,Geologist,Biology
9.5,8.1,4.01,5.23,3.1,6.09,5.55,2.31,7.18,5.8,3.17,Geologist,Biology
9.3,7.9,3.81,5.03,2.9,5.95,5.41,2.29,7.02,5.66,3.55,Geologist,Biology
9.12,8.46,5.02,6.24,5.68,6.12,5.56,1.68,7.1,5.81,2.75,Geologist,Biology
9.23,9.11,5.02,6.24,4.11,6.41,5.62,2.41,7.35,5.86,3.38,Geologist,Biology
9.45,8.91,4.82,6.04,3.91,6.4,5.69,2.39,7.4,5.94,2.9,Geologist,Biology
9.18,7.62,4.12,5.18,3.28,8.52,4.58,3.74,6.22,6.51,2.73,Geologist,Biology
9.41,8.04,3.92,5.09,2.84,8.73,4.44,3.41,6.08,6.59,2.55,Geologist,Biology
9.55,8.22,4.06,5.31,3.06,8.91,4.66,3.63,6.36,6.72,2.88,Geologist,Biology
9.27,7.88,3.79,5.02,2.76,8.47,4.39,3.29,6.01,6.44,2.49,Geologist,Biology
9.36,8.15,4.33,5.44,3.52,8.62,4.71,4.12,6.58,6.33,3.21,Geologist,Biology
9.14,7.53,3.86,5.07,4.11,8.25,4.79,4.28,6.71,6.26,3.46,Geologist,Biology
9.48,8.67,4.91,6.08,3.87,8.84,4.57,3.52,6.44,6.38,3.07,Geologist,Biology
9.16,7.58,4.08,5.27,4.58,5.68,5.34,1.62,6.86,5.73,3.41,Geologist,Biology
9.33,7.94,3.84,5.06,3.12,5.92,5.46,2.14,6.97,5.69,3.22,Geologist,Biology
9.52,8.18,4.11,5.35,3.26,6.14,5.52,2.27,7.21,5.84,3.09,Geologist,Biology
9.44,8.73,4.88,6.12,5.41,6.26,5.61,1.74,7.28,5.79,2.82,Geologist,Biology
9.5,8.1,4.01,5.23,3.1,8.8,4.62,3.56,6.3,6.67,3.25,Hydrologist,Biology
9.5,8.1,4.01,5.23,3.1,6.09,5.55,2.31,7.18,5.8,3.36,Hydrologist,Biology
9.87,9.11,5.02,6.24,4.11,6.61,5.94,2.41,7.67,6.18,2.22,Hydrologist,Biology
9.49,8.33,3.98,5.16,2.98,9.2,4.64,3.84,6.8,6.43,2.65,Hydrologist,Biology
9.84,8.84,4.95,5.94,4.02,8.89,4.78,3.43,6.36,6.71,2.22,Hydrologist,Biology
9.48,8.16,4.29,5.83,4.05,8.99,4.53,3.66,6.3,6.79,3.25,Hydrologist,Biology
9.71,9.02,5.12,6.21,3.78,8.62,4.62,3.82,6.19,6.78,3.04,Hydrologist,Biology
9.88,9.18,4.93,6.35,3.98,8.7,4.94,3.31,6.37,6.34,2.91,Hydrologist,Biology
9.74,8.78,4.77,5.64,3.35,8.72,4.79,3.69,6.66,6.62,3.01,Hydrologist,Biology
9.62,8.73,4.53,5.74,2.94,8.85,4.74,3.49,6.47,6.71,3.91,Hydrologist,Biology
9.95,9.25,5.2,6.35,4.4,6.29,5.54,2.28,7.05,6.45,3.3,Hydrologist,Biology
9.53,8.61,4.51,5.71,3.59,6.26,5.74,2.47,7.65,5.61,2.85,Hydrologist,Biology
9.51,8.5,4.86,5.93,3.45,6.09,5.78,2.24,7.22,5.62,3.71,Hydrologist,Biology
9.41,8.53,4.44,5.34,3.25,6.31,5.62,2.21,7.36,5.89,2.93,Hydrologist,Biology
9.42,8.17,4.08,5.6,3.41,6.64,5.92,2.62,7.53,5.98,3.87,Hydrologist,Biology
9.3,8.57,4.39,6.08,3.61,6.78,5.85,2.41,7.3,6.1,2.92,Hydrologist,Biology
9.8,8.66,4.39,6.21,3.64,6.49,5.56,2.56,7.35,6.5,2.09,Hydrologist,Biology
9.42,8.23,4.26,5.65,3.09,6,5.63,2.51,7.69,6,3.37,Hydrologist,Biology
9.48,8.09,4.5,5.57,3.26,6.53,5.89,2.48,7.41,6.18,2.81,Hydrologist,Biology
9.31,8.21,4.26,5.72,3.58,6.68,5.45,2.44,7.8,5.84,3.34,Hydrologist,Biology
8.78,7.67,4.45,5.12,6.01,8.23,4.79,5.23,7.4,6.4,3.12,Marine Biologist,Biology
8.98,7.87,4.65,5.32,6.21,8.43,4.99,5.43,7.6,6.6,3.38,Marine Biologist,Biology
8.91,7.67,4.45,7.23,5.78,8.29,5.84,5.12,7.35,7.45,2.91,Marine Biologist,Biology
8.78,7.67,4.45,5.12,6.01,5.7,5.28,1.27,6.69,5.41,3.56,Marine Biologist,Biology
8.98,7.87,4.65,5.32,6.21,5.84,5.42,1.29,6.85,5.55,2.56,Marine Biologist,Biology
8.91,7.67,4.45,7.23,5.78,5.74,5.35,1.33,6.76,5.9,3.19,Marine Biologist,Biology
9.79,8.68,5.46,6.13,7.02,6.41,5.99,1.37,7.5,6.12,2.79,Marine Biologist,Biology
9.1,8.88,5.66,6.33,7.22,6.28,5.68,1.39,7.21,5.82,3.18,Marine Biologist,Biology
9.92,8.68,5.46,8.24,6.79,6.45,6.05,1.44,7.56,6.61,2.33,Marine Biologist,Biology
9.86,7.8,5.08,5.14,6.67,8.34,5.93,3.58,7.36,6.4,3.48,Marine Biologist,Biology
9.35,8.1,5.16,5.26,6.66,7.2,5.18,4.7,7.38,7.22,2.79,Marine Biologist,Biology
9.35,7.98,4.82,7.53,6.79,6.57,4.96,5.33,7.12,6.6,3.1,Marine Biologist,Biology
9.5,8.55,5.23,7.09,6.87,6.76,5.86,1.99,7.24,5.95,2.98,Marine Biologist,Biology
9.19,8.08,4.83,8.06,6.02,6.17,5.73,4.15,7.09,7.02,2.8,Marine Biologist,Biology
9.17,8.53,4.63,6.68,6.52,7.72,5.63,5.09,6.87,6.68,3.48,Marine Biologist,Biology
8.96,8.34,4.86,6.84,6.62,6.72,5.93,3.14,7.32,6.35,3.19,Marine Biologist,Biology
9.57,8.39,4.66,7.08,6.17,7.08,5.6,2.03,6.73,6.85,3,Marine Biologist,Biology
9.53,8.72,5.05,7.5,6,6.98,5.38,3.56,7.11,5.83,3.19,Marine Biologist,Biology
9.05,8.54,5.16,7.55,6.36,6.94,5.13,2.15,6.73,6.91,3.49,Marine Biologist,Biology
8.79,8.59,4.48,6.05,6.22,6.02,5.25,4.04,7.03,7.38,3.06,Marine Biologist,Biology
7.12,9.45,4.23,6.78,4.56,8.29,5.51,4.4,5.84,8.12,2.93,Pharmacist,Biology
7.12,9.45,4.23,6.78,4.56,5.92,4.41,2.41,6.4,4.92,2.54,Pharmacist,Biology
8.13,6.8,5.24,7.79,5.57,5.16,5.11,1.05,6.11,5.62,3.31,Pharmacist,Biology
7.13,7.91,4.9,7.3,5.33,5.32,5.35,1.12,5.93,6.93,3.06,Pharmacist,Biology
7.15,7.38,4.4,6.83,4.83,7.76,5.11,4.2,6.09,7.78,3.22,Pharmacist,Biology
7.22,8.8,4.96,7.73,5.34,6.14,4.61,1.17,5.97,5.58,3.19,Pharmacist,Biology
7.33,7.92,5.01,7.3,5.37,6.76,4.51,1.12,6.03,6.53,2.96,Pharmacist,Biology
7.39,8.14,5.09,7.09,5.45,7.03,4.74,2.61,6.39,6.06,3.05,Pharmacist,Biology
7.48,8.74,4.55,7.33,4.76,5.21,5.48,1.78,6.1,5.55,3.25,Pharmacist,Biology
7.49,9.12,5.15,7.36,5.24,6.13,5.08,3.27,6.07,7.96,2.95,Pharmacist,Biology
7.5,8.89,4.37,7.07,4.88,5.97,5.27,3.81,6.08,7.61,3.26,Pharmacist,Biology
7.58,8.12,4.58,7.04,5.4,5.46,4.47,2.7,6.03,5.24,2.86,Pharmacist,Biology
7.71,7.35,4.8,6.79,5.5,7.75,5.35,2.64,5.99,7.73,2.88,Pharmacist,Biology
7.78,9.06,4.39,6.86,5.01,5.41,4.44,2.99,6.09,7.89,3.05,Pharmacist,Biology
7.82,7.7,4.26,6.83,5.31,7.36,5.44,1.64,6.32,6.96,2.81,Pharmacist,Biology
7.87,8.15,4.72,7.63,4.79,6.84,5.33,2.6,6.17,6.07,2.55,Pharmacist,Biology
8.06,8.65,4.94,7.2,4.85,5.8,5.33,3.91,6.38,7.75,2.56,Pharmacist,Biology
8.07,8,4.33,6.84,5.08,7.03,4.79,4.05,5.88,5.47,3.04,Pharmacist,Biology
8.1,7.84,4.32,7.52,4.69,7.64,4.76,2.13,6.07,5.99,2.82,Pharmacist,Biology
8.1,8.01,5.23,7.29,5.34,7.6,5.18,3.83,6.19,6.06,3.2,Pharmacist,Biology
8.78,7.67,4.45,5.12,6.01,8.23,4.79,5.23,7.4,6.4,3.68,Zoologist,Biology
8.58,7.47,4.25,4.92,5.81,8.03,4.59,5.03,7.2,6.2,2.93,Zoologist,Biology
8.78,7.67,4.45,5.12,6.01,5.7,5.28,1.27,6.69,5.41,3.28,Zoologist,Biology
8.58,7.47,4.25,4.92,5.81,5.56,5.14,1.25,6.53,5.27,3,Zoologist,Biology
9.79,8.68,5.46,6.13,7.02,6.41,5.99,1.37,7.5,6.12,3.71,Zoologist,Biology
9.59,8.48,5.26,5.93,6.82,6.27,5.85,1.35,7.34,5.98,3.57,Zoologist,Biology
9.58,8.73,5.38,6.09,6.31,8.18,4.84,5.09,7.37,6.44,3.99,Zoologist,Biology
9.95,9.1,5.8,6.5,7.2,8.09,4.54,5.02,7.09,6.68,3.35,Zoologist,Biology
8.63,7.73,4.53,5.15,5.97,5.97,5.69,1.39,7.36,5.46,3.23,Zoologist,Biology
8.63,7.58,4.88,5.3,5.88,5.76,5.74,1.27,6.83,5.47,3.94,Zoologist,Biology
8.45,7.65,4.47,4.77,5.61,6.04,5.52,1.26,7.01,5.74,3.29,Zoologist,Biology
8.45,7.26,4.07,5.07,5.77,6.43,5.94,1.46,7.21,5.83,4,Zoologist,Biology
8.3,7.66,4.38,5.49,6.03,6.6,5.83,1.36,6.93,5.95,3.28,Zoologist,Biology
9.05,7.76,4.38,5.65,6.05,6.25,5.43,1.43,6.99,6.35,2.59,Zoologist,Biology
8.47,7.31,4.25,5.07,5.5,5.55,5.54,1.41,7.41,5.85,3.66,Zoologist,Biology
8.57,7.2,4.51,4.98,5.64,6.3,5.9,1.39,7.07,6.03,3.19,Zoologist,Biology
9.16,8.22,5.12,6.08,6.87,6.48,5.28,1.37,7.65,5.69,3.63,Zoologist,Biology
9.95,8.83,5.23,6.5,7.2,6.5,5.38,1.27,7.21,6.14,3.05,Zoologist,Biology
9.03,8.5,5.14,5.6,6.93,5.87,5.23,1.3,6.7,5.67,3.7,Zoologist,Biology
9,8,5.11,5.6,6.2,6.24,5.87,1.28,6.84,5.47,2.49,Zoologist,Biology
6.67,8.23,5.12,6.01,4.45,7.45,5.57,4.79,5.56,7.12,2.16,Data Analyst,Information Technology
6.67,8.23,5.12,6.01,4.45,5.29,4.36,1.96,5.8,4.54,2.15,Data Analyst,Information Technology
7.68,9.24,6.13,7.02,5.46,6,5.07,2.06,6.61,5.24,2.71,Data Analyst,Information Technology
7.59,9.01,5.45,6.31,5.31,6.41,5.1,4.3,6.61,6.42,2.46,Data Analyst,Information Technology
6.7,8.79,5.19,6.54,5.44,6.58,5.57,2.07,5.88,5.24,2.17,Data Analyst,Information Technology
6.71,9.06,5.37,6.17,4.51,5.58,4.4,3.03,5.6,5.74,2.49,Data Analyst,Information Technology
6.73,8.77,5.99,6.77,5.26,6.82,5.24,2.23,6.53,6.17,2.42,Data Analyst,Information Technology
7.25,8.87,6.07,6.84,4.55,5.68,4.47,3.81,6.19,5,2.49,Data Analyst,Information Technology
7.3,8.41,5.91,6.46,5.02,6.69,4.86,4.65,5.71,6.12,2.23,Data Analyst,Information Technology
7.15,8.6,6.03,6.13,5.32,5.83,5.57,3.77,5.99,6.77,2.33,Data Analyst,Information Technology
7.55,8.77,5.72,6.33,4.62,6.41,5.28,2.89,6.43,6.64,2.57,Data Analyst,Information Technology
6.92,9.01,5.47,6.12,4.86,5.75,4.6,4.12,6.47,4.56,2.62,Data Analyst,Information Technology
7.42,8.94,5.56,6.08,5.26,7.17,4.87,2.26,6.06,4.77,2.18,Data Analyst,Information Technology
6.68,8.93,5.71,6.52,4.6,6.83,5.14,3.11,5.95,6.34,2.2,Data Analyst,Information Technology
7.24,8.96,5.31,6.25,5,6.94,5.21,4,6.03,6.61,2.42,Data Analyst,Information Technology
7.63,9.18,6.04,6.06,4.81,5.68,5.05,2.33,5.64,6.04,2.48,Data Analyst,Information Technology
6.72,9.21,6.05,6.73,4.54,6.47,5.15,3.08,6.11,6.21,2.33,Data Analyst,Information Technology
7.38,9.23,5.64,6.6,4.72,5.34,5.12,4.71,6.51,5.46,2.68,Data Analyst,Information Technology
7.03,8.57,5.62,6.67,5.18,5.35,4.39,4.37,6.29,4.55,2.23,Data Analyst,Information Technology
7.32,9.14,5.82,6.47,5.24,5.71,5.49,3.76,6.2,4.74,2.23,Data Analyst,Information Technology
6.78,7.23,3.89,5.12,4.67,7.01,4.51,4.28,5.73,6.18,2.47,Data Scientist,Information Technology
6.87,8.65,3.65,6.32,5.65,7.76,4.99,4.65,6.26,7.49,2.54,Data Scientist,Information Technology
6.78,7.23,3.89,5.12,4.67,4.93,4.17,1.49,5.56,4.41,3.15,Data Scientist,Information Technology
6.87,8.65,3.65,6.32,5.65,5.52,4.17,1.77,6.03,4.7,2.89,Data Scientist,Information Technology
7.79,8.24,4.9,6.13,5.68,5.63,4.88,1.59,6.37,5.12,3.55,Data Scientist,Information Technology
7.88,9.66,4.66,7.33,6.66,6.23,4.87,1.87,6.84,5.41,3.19,Data Scientist,Information Technology
6.89,8.68,5.46,6.13,6.41,5.75,5.21,5.79,6.35,6.19,3.71,Data Scientist,Information Technology
6.67,8.24,4.9,5.12,5.68,5.29,4.52,5.51,6.01,5.32,3.12,Data Scientist,Information Technology
6.91,8.77,4.56,5.23,6.44,6.56,5.08,5.67,6.43,5.56,3.59,Data Scientist,Information Technology
6.74,8.65,3.65,6.32,5.65,5.83,5.56,6.07,6.62,6.38,3.35,Data Scientist,Information Technology
7.12,7.12,4.45,5.12,6.01,7.2,5.35,5.5,6.68,5.8,2.25,Data Scientist,Information Technology
6.65,7.88,4.66,5.24,5.56,6.28,4.88,5.66,6.32,5.65,3.15,Data Scientist,Information Technology
6.88,7.72,4.55,5.53,5.45,6.67,4.96,6.12,6.28,5.89,3.19,Data Scientist,Information Technology
6.75,7.74,4.87,5.17,5.21,6.44,5.24,6.44,6.12,6.12,3.22,Data Scientist,Information Technology
6.83,7.65,4.55,5.63,5.49,6.55,5.32,5.91,6.79,5.94,3.24,Data Scientist,Information Technology
7.23,7.32,4.89,5.15,5.45,6.92,5.48,6.14,6.14,5.78,3.42,Data Scientist,Information Technology
6.92,8.12,4.66,5.12,5.39,7.16,5.45,5.99,6.16,6.21,3.61,Data Scientist,Information Technology
6.58,7.95,4.61,5.16,5.63,6.33,5.12,6.07,6.49,5.97,3.46,Data Scientist,Information Technology
6.89,7.77,4.79,5.39,5.54,6.79,5.18,6.05,6.76,6.28,3.47,Data Scientist,Information Technology
7.45,8.34,4.12,5.35,5.92,6.34,5.09,6.11,6.57,6.31,3.21,Data Scientist,Information Technology
6.67,8.45,3.45,6.12,5.45,7.56,4.79,4.45,6.06,7.29,2.7,Database Administrator,Information Technology
6.87,8.65,3.65,6.32,5.65,7.76,4.99,4.65,6.26,7.49,3.91,Database Administrator,Information Technology
6.67,8.45,3.45,6.12,5.45,5.38,4.03,1.75,5.87,4.56,3.44,Database Administrator,Information Technology
6.87,8.65,3.65,6.32,5.65,5.52,4.17,1.77,6.03,4.7,2.97,Database Administrator,Information Technology
7.68,9.46,4.46,7.13,6.46,6.09,4.73,1.85,6.68,5.27,2.29,Database Administrator,Information Technology
7.88,9.66,4.66,7.33,6.66,6.23,4.87,1.87,6.84,5.41,2.28,Database Administrator,Information Technology
8.42,8.65,4.49,6.93,4.71,7.21,5.04,4.31,5.89,5.89,2.84,Database Administrator,Information Technology
8.03,9.44,3.81,7.05,5.33,6.3,4.01,5.14,6.78,7.39,2.2,Database Administrator,Information Technology
6.89,9.62,4.26,6.74,4.52,7.68,4.67,5.56,6.12,6.47,2.77,Database Administrator,Information Technology
8.77,9.62,4.81,7.41,4.37,7.86,6.41,5.45,5.45,6,3.86,Database Administrator,Information Technology
7.62,9.88,4.44,7.43,6.14,5.6,4.56,4.73,6.34,6.25,2.98,Database Administrator,Information Technology
8.98,8.06,3.19,7.77,6.77,7.35,5.97,4.74,5.53,7.43,2.69,Database Administrator,Information Technology
7.61,8.55,4.28,6.22,6.81,4.79,6.79,5.96,5.69,5.2,2.29,Database Administrator,Information Technology
7.71,9.88,4.48,7.89,6.11,4.18,4.62,5.82,6.13,7.62,3.65,Database Administrator,Information Technology
7.66,9.22,3.76,7.03,5.83,4.09,5.48,5.49,6.17,6.53,3.04,Database Administrator,Information Technology
8.76,9.49,3.03,6.63,4.8,7.67,6.56,5.22,5.32,6.4,2.94,Database Administrator,Information Technology
7.83,8.25,4.71,6.56,4.71,5.91,4.22,4.36,6.97,7.05,2.17,Database Administrator,Information Technology
8.33,7.17,4.91,5.38,6.11,6.11,4.6,5.58,5.14,5.75,3.63,Database Administrator,Information Technology
7.61,9.61,4.8,6.16,4.02,7.32,4.56,4.72,6.37,6.67,3.68,Database Administrator,Information Technology
6.99,7.01,4.43,5.56,5.37,6.27,4.66,5.95,5.23,7.84,2.81,Database Administrator,Information Technology
6.78,8.45,3.45,6.45,5.45,7.62,4.95,4.45,6.12,7.45,2.53,Database Analyst,Information Technology
6.98,8.65,3.65,6.65,5.65,7.82,5.15,4.65,6.32,7.65,2.73,Database Analyst,Information Technology
6.78,8.45,3.45,6.45,5.45,5.41,4.08,1.75,5.93,4.68,2.36,Database Analyst,Information Technology
6.98,8.65,3.65,6.65,5.65,5.55,4.22,1.77,6.09,4.82,2.26,Database Analyst,Information Technology
7.79,9.46,4.46,7.46,6.46,6.12,4.79,1.85,6.73,5.39,2.66,Database Analyst,Information Technology
7.99,9.66,4.66,7.66,6.66,6.26,4.93,1.87,6.89,5.53,3.82,Database Analyst,Information Technology
7.88,8.52,3.57,6.46,5.82,6.33,4.33,5.24,6.26,5.4,3.07,Database Analyst,Information Technology
6.71,9.44,3.4,7.68,6.4,5.88,4.01,5.22,6.61,6.83,3.43,Database Analyst,Information Technology
6.61,8.87,3.46,7.52,6.21,6.19,4.08,4.47,6.23,6.83,3.22,Database Analyst,Information Technology
7.83,9.01,3.47,7.33,6.39,6.75,4.93,4.74,6.42,5.87,2.24,Database Analyst,Information Technology
6.66,8.44,4.19,6.81,6.06,7.58,4.3,4.62,6.66,5.23,2.32,Database Analyst,Information Technology
6.93,8.61,4.6,7.45,6.22,7.49,4.96,4.28,6.79,6.23,3.49,Database Analyst,Information Technology
7.84,8.81,3.45,6.7,5.96,7.36,5.03,4.01,6.41,5.84,2.56,Database Analyst,Information Technology
6.68,8.84,4.62,6.82,6.07,7.09,4.44,5.46,6.86,5.31,3,Database Analyst,Information Technology
6.95,8.77,3.35,7.19,6.05,5.52,4.33,5.36,6.14,4.96,2.98,Database Analyst,Information Technology
7.98,8.71,4.24,7.39,5.71,7.15,4.44,4.95,6.53,6.21,2.34,Database Analyst,Information Technology
7.75,8.82,3.56,6.45,6.17,7.03,4.02,4.77,6.13,6.56,2.48,Database Analyst,Information Technology
7.54,8.9,4.61,6.58,5.84,5.67,5.11,5.32,6.16,6.61,3.51,Database Analyst,Information Technology
7.33,9.09,3.64,6.52,6.57,7.56,4.76,4.51,6.25,6.82,3.64,Database Analyst,Information Technology
6.74,9.11,4.27,7.25,5.69,7.11,4.28,4.49,6.65,6.58,3.56,Database Analyst,Information Technology
8.98,4.43,7.87,7.65,6.65,6.71,7.76,7.26,7.82,6.04,2.34,Game Designer,Information Technology
8.98,4.43,7.87,7.65,6.65,4.47,6.06,0.22,5.82,6.02,3.53,Game Designer,Information Technology
8.23,5.44,8.88,8.66,7.66,4.65,5.89,0.12,5.75,5.85,3.8,Game Designer,Information Technology
7.97,6.84,3.28,6.1,4.8,4.73,5.95,4.79,7.68,6.26,3.59,Game Designer,Information Technology
7.51,6.88,4.48,5.59,6.17,4.84,4.05,5.29,5.53,6.88,3.91,Game Designer,Information Technology
8.74,5.85,3.05,7.78,5.28,6.9,5.93,5.71,5.88,5.77,3.7,Game Designer,Information Technology
6.95,4.85,4.67,7.81,6.09,5.71,4.19,5.23,7.97,5.28,3.04,Game Designer,Information Technology
8.63,7.7,5.09,7.11,5.08,4.88,5.62,5.62,7.6,6.83,3.02,Game Designer,Information Technology
7.5,7.99,4.95,7.11,6.39,6.67,4.68,4.75,5.28,6.16,2.07,Game Designer,Information Technology
7.4,6.71,3.86,6.77,4.09,4.11,5.65,4.72,5.38,6.04,3.54,Game Designer,Information Technology
6.65,7.11,3.26,5.16,5.59,5.62,5.27,5.45,7.93,6.03,2.65,Game Designer,Information Technology
8.39,5.35,4.32,5.24,4.08,6.89,5.67,5.39,6.23,5.35,2.31,Game Designer,Information Technology
6.75,6.75,5.14,6.98,4.84,6.86,5.48,5.11,6.84,5.84,2.5,Game Designer,Information Technology
7.07,7.79,3.04,5.35,4.14,4.12,5.71,5.41,6.42,5.2,2.98,Game Designer,Information Technology
7.42,4.87,4.3,6.2,5.85,5.91,4.09,4.75,6.88,6.01,3.71,Game Designer,Information Technology
7.98,4.81,3.21,6.93,4.08,5.76,5.88,5.15,6.16,6.29,2.92,Game Designer,Information Technology
7.64,8.71,4.16,7.88,6.72,4.59,4.14,4.2,5.05,5.19,3.37,Game Designer,Information Technology
6.21,5.59,5.53,5.07,6.44,4.85,4.24,5.39,6.89,6.75,3.47,Game Designer,Information Technology
8.41,5.41,3.53,7.25,6.42,6.97,4.83,4.74,7.33,5.68,3.86,Game Designer,Information Technology
8.58,6.14,5.25,7.26,4.31,6.71,5.01,5.65,5.96,6.79,2.78,Game Designer,Information Technology
9.12,7.45,5.45,5.23,4.67,8.29,5.34,5.06,6.9,6.34,3.25,Game Developer,Information Technology
8.78,9.34,5.45,5.23,4.67,9.06,5.34,5.06,6.73,7.29,2.82,Game Developer,Information Technology
8.58,9.14,5.25,5.03,4.47,8.86,5.14,4.86,6.53,7.09,3.6,Game Developer,Information Technology
9.12,7.45,5.45,5.23,4.67,5.72,5.65,1.58,6.8,5.61,3.41,Game Developer,Information Technology
8.78,9.34,5.45,5.23,4.67,6.37,5.48,2.34,7.19,5.44,2.58,Game Developer,Information Technology
8.58,9.14,5.25,5.03,4.47,6.23,5.34,2.32,7.03,5.3,3.87,Game Developer,Information Technology
9.2,8.46,6.46,6.24,5.68,6.14,5.89,1.68,7.14,5.85,3.75,Game Developer,Information Technology
9.79,8.7,6.46,6.24,5.68,6.42,6.19,1.78,7.51,6.14,3.56,Game Developer,Information Technology
9.59,9.45,6.26,6.04,5.48,6.66,6.05,2.14,7.63,6,2.72,Game Developer,Information Technology
9.5,9.55,6.38,6,5.76,6.59,6.11,1.95,7.71,6.01,2.86,Game Developer,Information Technology
8.51,9.32,5.28,5.37,4.59,6.2,5.4,2.24,7.35,5.39,3.01,Game Developer,Information Technology
8.59,9.27,5.48,5.48,4.91,8.98,5.28,4.85,6.45,6.95,3.21,Game Developer,Information Technology
8.8,9.41,5.1,5.56,5.13,6.28,5.73,2.11,7.4,5.3,2.61,Game Developer,Information Technology
9.2,7.75,5.66,5.09,4.67,8.21,5.33,5.13,6.89,6.28,2.81,Game Developer,Information Technology
8.65,8.85,5.26,5.25,4.43,8.78,5.34,4.95,6.4,6.79,3.35,Game Developer,Information Technology
9.63,9.22,6.44,6.13,5.17,6.96,6.43,2.38,7.59,5.79,2.93,Game Developer,Information Technology
9.43,9.23,6.28,6.13,5.57,7.07,5.94,1.86,7.53,6.47,3.08,Game Developer,Information Technology
9.74,8.87,6.16,6.03,5.64,6.54,5.84,2.08,7.88,6.4,3.82,Game Developer,Information Technology
9.02,7.37,5.5,4.89,4.49,5.7,5.56,1.15,6.8,5.5,3.51,Game Developer,Information Technology
8.67,9.13,5.4,5,4.3,6.34,5.38,2.18,7.43,5.02,2.55,Game Developer,Information Technology
8.78,9.34,5.45,5.23,4.67,9.06,5.34,5.06,6.73,7.29,2.81,Game Tester,Information Technology
8.78,9.34,5.45,5.23,4.67,6.37,5.48,2.34,7.19,5.44,2.18,Game Tester,Information Technology
9.79,9.34,6.46,6.24,5.68,6.67,6.19,2.03,7.7,6.14,2.68,Game Tester,Information Technology
8.99,9.24,5.24,5.78,5.54,6.09,6.21,6.44,6.55,7.34,2.64,Game Tester,Information Technology
9.74,9.06,5.99,5.54,5.25,7.91,6.34,5.38,6.95,7.11,2.08,Game Tester,Information Technology
9.45,9.12,5.07,6.66,4.9,6.94,5.48,5.75,6.95,7.92,2.16,Game Tester,Information Technology
9.28,9.15,6.82,5.71,4.58,7.53,5.17,5.45,6.8,7.88,2.9,Game Tester,Information Technology
8.7,9.18,5.52,5.56,4.87,8.72,5.34,5.43,6.14,7.26,2.61,Game Tester,Information Technology
8.88,9.18,5.65,5.23,4.63,7.62,6.46,6.09,6.21,7.78,2.85,Game Tester,Information Technology
8.58,9.08,5.62,5.28,5.38,7.23,6.23,5.91,6.48,7.82,2.1,Game Tester,Information Technology
9.63,9.21,6.04,6.6,5.27,8.27,6.29,5.75,6.28,7.56,2.66,Game Tester,Information Technology
9.06,9.27,5.09,5.72,4.53,8.68,5.55,5.36,7.41,7.89,2.65,Game Tester,Information Technology
9.42,9.02,5.37,6.97,5.07,6.23,5.77,5.42,6.89,7.24,2.16,Game Tester,Information Technology
8.53,9.24,6.94,6.54,4.64,6.87,5.63,6.36,7.02,7.09,2.55,Game Tester,Information Technology
9.76,9.07,6.55,5.4,5.36,6.48,5.33,5.36,6.02,7.9,2.69,Game Tester,Information Technology
9.58,9.03,6.88,5.01,5.41,8.79,5.18,5.22,6.77,7.9,2.65,Game Tester,Information Technology
8.78,9.38,6.79,6.63,5.17,8.42,5.51,5.73,6.34,7.63,2.22,Game Tester,Information Technology
8.74,9.39,6.2,6.41,5.43,7.9,6.41,6.48,6.97,7.34,2.71,Game Tester,Information Technology
8.74,9.32,6.84,6.46,5.09,8.61,5.48,5.36,6.26,7.35,2.24,Game Tester,Information Technology
8.9,9.12,5.18,6.54,5.13,8.41,5.78,6.01,7.04,7.73,2.33,Game Tester,Information Technology
6.78,8.45,7.34,5.45,6.01,7.62,6.4,6.68,6.4,6.95,2.26,IT Project Manager,Information Technology
6.98,8.65,7.54,5.65,6.21,7.82,6.6,6.88,6.6,7.15,2.66,IT Project Manager,Information Technology
6.78,8.45,7.34,5.45,6.01,5.41,4.86,1.58,5.93,4.48,2.63,IT Project Manager,Information Technology
6.98,8.65,7.54,5.65,6.21,5.55,5,1.6,6.09,4.62,2.41,IT Project Manager,Information Technology
7.79,9.46,8.35,6.46,7.02,6.12,5.57,1.68,6.73,5.19,2.75,IT Project Manager,Information Technology
7.99,9.66,8.55,6.66,7.22,6.26,5.71,1.7,6.89,5.33,3.06,IT Project Manager,Information Technology
7.96,8.73,8.05,6.43,6.53,6.94,6.27,6.9,5.56,6.17,2.66,IT Project Manager,Information Technology
7.09,9.64,8.05,6.59,6.15,7.14,5.09,6.76,5.35,5.03,3.33,IT Project Manager,Information Technology
7.84,9.64,7.54,6.07,7.09,6.47,5.75,4.99,6.5,7.72,2.53,IT Project Manager,Information Technology
7.45,9.45,7.44,6.68,6.04,5.87,6.25,4.67,6.61,5.27,2.18,IT Project Manager,Information Technology
7.69,8.5,8.21,5.56,6.38,6.25,6.01,4.75,6.98,5.96,2.21,IT Project Manager,Information Technology
7.25,8.65,8.22,5.57,5.66,7.65,6.71,4.55,5.83,7.85,3.14,IT Project Manager,Information Technology
7.37,9.45,8.3,7.15,5.55,5.05,6.32,4.74,5.74,7.85,2.93,IT Project Manager,Information Technology
7.24,8.54,8.37,6.22,7.43,5.41,5.33,6.21,6.55,6.72,2.15,IT Project Manager,Information Technology
6.79,8.29,7.77,5.75,7.17,5.16,5.14,4.68,5.68,6.9,2.13,IT Project Manager,Information Technology
7.58,8.95,7.75,6.54,6.89,5.14,6.28,5.3,6.86,6.35,3.05,IT Project Manager,Information Technology
6.92,9.59,8.2,7.04,6.32,7.99,5.05,6.61,6.72,5.88,2.11,IT Project Manager,Information Technology
6.54,9.18,7.97,5.93,5.85,7.46,6.17,4.56,5.86,5.99,3.23,IT Project Manager,Information Technology
7.47,8.97,8.05,6.75,5.81,6.66,6.88,6.54,6.5,7.02,3.06,IT Project Manager,Information Technology
6.77,8.17,8.19,5.67,6,5.34,6.15,5.2,6.51,7.26,2.12,IT Project Manager,Information Technology
6.34,8.12,2.89,6.78,4.78,7.23,4.84,3.84,5.56,7.45,2.34,IT Support Specialist,Information Technology
6.34,8.12,2.89,6.78,4.78,5.15,3.75,1.81,5.61,4.53,2.48,IT Support Specialist,Information Technology
7.35,9.13,3.9,7.79,5.79,5.86,4.46,1.92,6.41,5.23,3.89,IT Support Specialist,Information Technology
6.71,9.23,3.57,7.38,5.43,5.38,5.58,5.48,6.61,5.03,3.16,IT Support Specialist,Information Technology
7.97,8.39,2.6,5.86,5.1,5.78,5.13,3.53,5.01,6.66,2.68,IT Support Specialist,Information Technology
7.21,8.26,3.17,5.63,6,5.62,4.26,5.02,5.67,5.45,2.79,IT Support Specialist,Information Technology
6.47,9,2.77,6.98,5.51,6.86,4.54,5.12,5.8,7.4,2.66,IT Support Specialist,Information Technology
6.2,9.39,2.63,6.65,4.96,5.08,4.04,4.48,6.07,5.37,2.6,IT Support Specialist,Information Technology
6.31,8.84,4.48,7.18,6.3,6.42,6.23,5.58,6.84,6.04,2.84,IT Support Specialist,Information Technology
6.49,8.86,3.14,5.78,5.27,6.91,5.25,6.27,5.69,5.21,2.23,IT Support Specialist,Information Technology
6.32,8.42,4.12,7.09,5.59,7.19,4.7,6.24,5.69,7.49,2.27,IT Support Specialist,Information Technology
6.37,9.15,3.01,5.9,6.31,5.86,4.89,4.58,6.48,6.26,3.29,IT Support Specialist,Information Technology
6.57,8.28,3.86,5.83,5.75,7.05,6.34,3.4,5.9,6.49,3.42,IT Support Specialist,Information Technology
6.35,8.49,4.02,5.83,4.73,5.28,3.96,6.45,5.45,5.17,2.56,IT Support Specialist,Information Technology
7.79,8.64,3.69,7.13,6.38,7.12,5.26,5.94,5.9,6.87,2.41,IT Support Specialist,Information Technology
6.16,8.76,3.44,6.83,5.76,5.32,5.02,3.44,5.28,5.52,2.97,IT Support Specialist,Information Technology
7.05,8.36,3.32,6.55,5.17,5.99,5.33,6.22,5.35,7.25,2.61,IT Support Specialist,Information Technology
6.82,8.17,3.2,6.22,4.78,6.99,3.55,6.04,6,5.51,2.04,IT Support Specialist,Information Technology
7.96,8.92,4.36,7.25,6.09,5.37,6.12,4.82,5.84,5.48,2.23,IT Support Specialist,Information Technology
6.22,8.43,4.16,6.28,5.74,5.57,6.3,5.07,6.83,5.09,3.07,IT Support Specialist,Information Technology
8.78,7.89,5.67,6.01,4.67,8.34,5.84,5.17,6.73,6.95,3.54,Software Developer,Information Technology
8.78,7.89,5.67,6.01,4.67,5.79,5.52,1.76,6.76,5.59,2.09,Software Developer,Information Technology
9.79,8.9,6.68,7.02,5.68,6.5,6.23,1.86,7.57,6.3,2.04,Software Developer,Information Technology
8.42,7.81,6.8,5.69,4.67,6.5,5.46,6.24,6.58,7.25,3.18,Software Developer,Information Technology
9.21,7.54,6.23,6.39,5.71,7.81,6.35,5.24,7.08,7.47,2.13,Software Developer,Information Technology
8.04,7.77,6.84,6.63,4.99,5.82,7.18,6.81,6.14,7.04,2.63,Software Developer,Information Technology
8.19,8.37,6.7,7.07,5.28,5.73,6.83,6.93,6.75,6.34,3.32,Software Developer,Information Technology
9.44,8.13,6.14,5.52,5.08,7.68,7.02,6.86,7.27,6.34,3.42,Software Developer,Information Technology
8.32,8.84,5.53,5.03,5.21,6.99,6.65,5.69,6.73,6.98,2.7,Software Developer,Information Technology
9.17,8.73,5.9,5.34,5.94,7.57,6.73,6.66,5.97,5.98,2.92,Software Developer,Information Technology
8.43,8.01,6.31,7.25,5.09,6.8,7.12,6.61,5.55,5.72,2.25,Software Developer,Information Technology
8.18,7.89,6.45,7.18,5.63,6.24,5.62,5.3,7.24,6.21,3.49,Software Developer,Information Technology
8.44,8.07,5.89,6.49,5.45,7.96,6.22,6.57,5.54,6.07,2.35,Software Developer,Information Technology
9.3,8.39,5.71,6.5,5.83,7.9,5.55,4.59,7.25,6.09,3.41,Software Developer,Information Technology
9.54,7.9,6.75,6.66,6.37,7.58,7.47,5.99,6.56,5.97,2.97,Software Developer,Information Technology
9.49,8.44,6.98,5.44,5.97,6.32,7.36,5.08,7.38,5.58,2.91,Software Developer,Information Technology
8.71,8.11,6.29,7.29,4.93,7.27,5.1,4.8,7.1,5.54,2.77,Software Developer,Information Technology
9.2,8.33,5.76,6.05,4.56,6.58,6.76,4.69,7.5,7.48,2.35,Software Developer,Information Technology
8.37,8.15,5.91,5.96,5.02,5.77,7.31,6.24,6.2,6.36,2.26,Software Developer,Information Technology
8.53,7.94,5.53,6.3,5.69,8.25,5.45,5.35,7.03,6.27,2.33,Software Developer,Information Technology
6.78,8.45,5.12,6.01,4.56,7.62,5.57,4.84,5.67,7.23,3.48,Software Quality Assurance Tester,Information Technology
6.78,8.45,5.12,6.01,4.56,5.41,4.41,2.01,5.93,4.59,2.32,Software Quality Assurance Tester,Information Technology
7.79,9.46,6.13,7.02,5.57,6.12,5.12,2.11,6.73,5.3,3.39,Software Quality Assurance Tester,Information Technology
6.12,9.33,7.06,7.06,6.43,6.9,6.4,6.17,6.04,6.74,2.05,Software Quality Assurance Tester,Information Technology
7.94,9.43,5.87,5.32,5.18,5.06,4.8,5.94,7.1,6.9,3.4,Software Quality Assurance Tester,Information Technology
7.77,9.29,6.7,5.84,5.77,5.06,5.36,5.93,6.12,6.62,2.08,Software Quality Assurance Tester,Information Technology
7.86,9.21,6.41,6.86,6.36,5.81,6.39,6.11,6.41,5.52,2.81,Software Quality Assurance Tester,Information Technology
7.99,8.98,5.67,5.4,4.71,6.22,5.34,5.9,5.52,6.15,3.06,Software Quality Assurance Tester,Information Technology
6.35,8.83,7.2,7.04,6.37,6.93,5.78,5.57,5.64,6.54,3.31,Software Quality Assurance Tester,Information Technology
6.79,8.13,6.99,7.08,5.88,6.71,5.3,4.33,6.28,5.68,3.07,Software Quality Assurance Tester,Information Technology
7.52,8.61,6.65,6.27,4.64,6.11,5.05,4.08,6.46,6.2,3.2,Software Quality Assurance Tester,Information Technology
7.39,8.56,7.13,5.02,5.1,5.68,6.47,6.3,6.7,5.57,2.51,Software Quality Assurance Tester,Information Technology
6.31,8.39,7.17,5.72,5.92,7.49,5.32,5.54,6.08,5.66,3.22,Software Quality Assurance Tester,Information Technology
7.63,9.09,6.77,6.54,4.63,6.07,6.29,5.99,6.89,6.29,2.12,Software Quality Assurance Tester,Information Technology
6.45,8.74,7.09,7.45,5.66,6.13,4.96,5.2,7.22,5.77,3.34,Software Quality Assurance Tester,Information Technology
6.45,8.12,6.74,6.58,5.19,5.41,4.93,4.29,7.06,6.64,2.82,Software Quality Assurance Tester,Information Technology
7.07,8.33,6.7,5.65,5.74,6.99,4.56,4.31,5.58,6.88,3.23,Software Quality Assurance Tester,Information Technology
7.19,9.02,6.55,6.59,4.59,6.73,5.8,5.71,6.46,7.1,2.68,Software Quality Assurance Tester,Information Technology
7.16,8.11,6.88,6.35,6.24,5.55,5.24,5.08,5.71,5.9,2.97,Software Quality Assurance Tester,Information Technology
6.18,9.28,5.4,6.95,6.45,5.21,6.23,4.5,5.98,5.83,2.79,Software Quality Assurance Tester,Information Technology
6.98,8.65,7.54,5.65,6.21,7.82,6.6,6.88,6.6,7.15,2.23,Technical Project Manager,Information Technology
6.98,8.65,7.54,5.65,6.21,5.55,5,1.6,6.09,4.62,2.57,Technical Project Manager,Information Technology
7.99,9.66,8.55,6.66,7.22,6.26,5.71,1.7,6.89,5.33,3.88,Technical Project Manager,Information Technology
6.99,8.39,8.37,5.83,5.42,6.45,6.94,5.98,7.23,6.78,2.09,Technical Project Manager,Information Technology
6.82,8.69,7.32,6.28,5.42,7.02,5.19,6.63,6.18,6.72,3.4,Technical Project Manager,Information Technology
8.24,9.3,7.93,7.44,5.09,5.62,6.35,5.27,6.82,6.04,2.53,Technical Project Manager,Information Technology
6.94,9.09,7.95,6.02,6.84,5.95,5.89,6.64,6.01,6.51,2.15,Technical Project Manager,Information Technology
8.45,9.11,8.1,6.81,6.66,8.46,6.74,7.5,6.49,6.57,2.73,Technical Project Manager,Information Technology
7.17,8.64,7.2,6.15,6.19,8.4,5.35,5.12,6.55,6.6,2.39,Technical Project Manager,Information Technology
6.86,8.52,8.07,7.05,7.11,5.51,6.39,7.44,6.59,6.87,2.43,Technical Project Manager,Information Technology
8.08,8.56,8.36,5.76,7.01,8.36,6.68,6.02,7.04,6.8,2.46,Technical Project Manager,Information Technology
7.82,9.48,7.27,7.44,6.46,7.42,6.89,7.18,6.58,6.91,3.2,Technical Project Manager,Information Technology
7.5,8.06,7.36,6.41,7.17,8.1,6.37,6.96,6.67,7.15,2.81,Technical Project Manager,Information Technology
7.61,9.3,8.46,5.97,5.51,6.86,5.99,6.42,6.36,7.22,2.47,Technical Project Manager,Information Technology
7.94,8.87,7.27,5.65,5.28,7.05,6.24,6.85,6.56,7.08,2.92,Technical Project Manager,Information Technology
6.96,8.66,8.28,5.84,5.67,6.97,6.74,7.2,6.34,7.43,3.07,Technical Project Manager,Information Technology
8.49,9.09,7.74,6.54,5.14,7.5,6.14,6.01,6.11,6.03,2.41,Technical Project Manager,Information Technology
8.45,8.73,7.37,6.17,6.33,5.92,5.06,5.82,6.91,6.29,2.62,Technical Project Manager,Information Technology
7.8,9.31,8.31,7.16,7.34,5.59,6.86,6.67,7,6.01,2.18,Technical Project Manager,Information Technology
6.9,9.35,7.67,6.36,5.1,6.42,6.38,7.02,6.93,6.97,2.27,Technical Project Manager,Information Technology
9.23,8.23,5.67,4.23,6.45,8.73,4.95,6.06,7.84,6.23,2.21,UI/UX Designer,Information Technology
9.23,8.23,5.67,4.23,6.45,6.06,5.75,1.36,7.08,5.46,3.16,UI/UX Designer,Information Technology
8.34,9.24,6.68,5.24,7.46,6.2,5.51,1.46,6.94,5.22,2.54,UI/UX Designer,Information Technology
9.06,8.53,5.46,5.08,5.9,7.12,6,5.54,7.43,5.78,3.24,UI/UX Designer,Information Technology
8.16,8.36,5.78,5.47,4.68,8.03,5.79,7.43,6.36,5.74,3.1,UI/UX Designer,Information Technology
8.85,9.17,6.19,5.18,6.19,7.06,6.8,6.42,6.12,6.11,3.15,UI/UX Designer,Information Technology
8.38,8.41,5.99,5.56,7.37,7.37,5.74,6.97,6.51,5.7,2.02,UI/UX Designer,Information Technology
9.44,9.23,6.98,4.71,5.03,5.77,6.98,4.9,6.38,6.88,2.62,UI/UX Designer,Information Technology
8.73,8.64,5.27,6.06,6.57,7.77,6.63,7.09,5.71,5.62,2.72,UI/UX Designer,Information Technology
9.21,9,6.39,4.7,5.1,5.88,5.02,7.27,6.78,6.52,2.03,UI/UX Designer,Information Technology
8.83,8.14,5.81,6.9,6.11,7.98,6.83,5.96,5.93,7.49,2.39,UI/UX Designer,Information Technology
8.07,8.94,5.86,5.2,4.79,7.85,4.79,6.32,6.74,7.13,3.14,UI/UX Designer,Information Technology
8.95,8.68,6.44,6.12,5.85,7.63,6.54,6.79,6.8,6.73,2.21,UI/UX Designer,Information Technology
9.43,8.88,6.38,7.14,6.77,5.61,5.45,5.02,5.8,6.11,2.8,UI/UX Designer,Information Technology
8.9,8.25,6.98,6.45,5.54,6.41,6.69,6.01,5.62,6.75,2.32,UI/UX Designer,Information Technology
9.23,9.11,5.26,6.1,6.49,6.29,6.67,5.7,7.06,6.55,2.02,UI/UX Designer,Information Technology
9.33,9.29,5.21,5.47,6.89,6.58,6.51,4.94,6.42,6.35,2.36,UI/UX Designer,Information Technology
8.34,8.33,6.45,5.5,7.28,5.76,6.48,5.6,5.62,5.76,3.46,UI/UX Designer,Information Technology
8.32,8.14,6.16,6.51,5.2,8.31,5.26,4.7,7.49,7.27,3.2,UI/UX Designer,Information Technology
8.92,8.04,5.55,7.48,5.7,7.16,4.7,4.58,5.62,6.4,3.44,UI/UX Designer,Information Technology
8.78,4.23,7.67,7.45,6.45,6.51,7.56,7.06,7.62,5.84,3.99,Video Game Tester,Information Technology
8.98,4.43,7.87,7.65,6.65,6.71,7.76,7.26,7.82,6.04,3.48,Video Game Tester,Information Technology
8.78,4.23,7.67,7.45,6.45,4.33,5.92,0.24,5.66,5.88,2.9,Video Game Tester,Information Technology
8.98,4.43,7.87,7.65,6.65,4.47,6.06,0.22,5.82,6.02,3.24,Video Game Tester,Information Technology
9.79,5.24,8.68,8.46,7.46,5.03,6.63,0.14,6.47,6.59,2.22,Video Game Tester,Information Technology
9.4,5.44,8.88,8.66,7.66,5,6.48,0.12,6.33,6.43,2.71,Video Game Tester,Information Technology
8.15,4.69,8.03,7.92,6.66,6.27,6.59,6.9,6.74,6.96,3.26,Video Game Tester,Information Technology
8.73,4.96,7.94,8.16,6.92,6.82,6.9,5.09,6.21,6.77,2.58,Video Game Tester,Information Technology
8.23,4.99,8.02,7.97,7.41,7.48,5.4,6.86,7.09,6.97,2.86,Video Game Tester,Information Technology
8.49,5.34,8.66,7.8,6.36,7.41,6.15,5.51,5.69,6.29,2.88,Video Game Tester,Information Technology
8.56,4.1,7.76,8.2,7.33,6.2,6.82,5.82,6.78,5.82,2.5,Video Game Tester,Information Technology
9.18,5.11,8.65,7.9,7.22,6.32,6,7.19,6.62,5.55,3.25,Video Game Tester,Information Technology
9.34,4.77,7.9,7.87,7.29,6.76,7,7.49,6.62,6.5,2.41,Video Game Tester,Information Technology
9.43,5.02,7.53,8.12,7.27,7.26,5.51,5.92,6.71,6.84,2.78,Video Game Tester,Information Technology
9.18,4.06,7.62,8.22,7.38,7.1,6.39,6.12,6.85,7.5,2.45,Video Game Tester,Information Technology
8.47,4.13,8.95,7.98,6.38,6.81,6.83,6.81,7.11,7.33,3.41,Video Game Tester,Information Technology
9.03,5.07,7.94,7.19,7.13,6.89,6.54,7.22,6.04,6.61,2.39,Video Game Tester,Information Technology
8.66,4.11,8.65,7.51,6.69,6.76,5.47,6.48,7.15,6.05,2.64,Video Game Tester,Information Technology
8.38,4.11,8.44,8.39,7.26,6.45,5.89,5.98,6.5,6.59,3.31,Video Game Tester,Information Technology
9.26,4.02,8.07,7.34,7.09,6.85,6.96,6.03,5.65,6.96,3.26,Video Game Tester,Information Technology
8.67,7.78,5.67,4.23,6.45,8.23,4.95,6.06,7.56,6.01,2.37,Web Developer,Information Technology
9.23,8.23,5.67,4.23,6.45,8.73,4.95,6.06,7.84,6.23,2.22,Web Developer,Information Technology
9.03,8.03,5.47,4.03,6.25,8.53,4.75,5.86,7.64,6.03,2.42,Web Developer,Information Technology
8.67,7.78,5.67,4.23,6.45,5.71,5.47,1.18,6.67,5.18,2.2,Web Developer,Information Technology
9.23,8.23,5.67,4.23,6.45,6.06,5.75,1.36,7.08,5.46,2.32,Web Developer,Information Technology
9.03,8.03,5.47,4.03,6.25,5.92,5.61,1.34,6.92,5.32,2.98,Web Developer,Information Technology
9.68,8.79,6.68,5.24,7.46,6.42,6.18,1.28,7.48,5.89,2.1,Web Developer,Information Technology
9.45,9.24,6.68,5.24,7.46,6.53,6.06,1.46,7.5,5.77,2.43,Web Developer,Information Technology
9.67,9.04,6.48,5.04,7.26,6.52,6.13,1.44,7.55,5.84,2.22,Web Developer,Information Technology
8.12,9.02,5.65,6.67,7.18,6.75,5.79,6.67,7.14,7.46,3.41,Web Developer,Information Technology
9.09,8.4,6.83,4.7,6.3,6.16,7.14,6.59,6.42,6.77,3.31,Web Developer,Information Technology
8.74,9.05,7.45,6.62,6.39,6.99,7.27,5.41,6.22,5.75,3.15,Web Developer,Information Technology
8.66,7.63,5.64,6.13,6.25,7.23,5.69,7.2,6.49,6.85,3.18,Web Developer,Information Technology
9.09,8.48,6.64,4.75,6.5,6.57,7.46,6.07,7.16,6.15,3,Web Developer,Information Technology
8.24,7.63,6.41,5.95,6.78,7.45,5.51,5.03,5.85,5.64,3.36,Web Developer,Information Technology
8.92,9.31,6.16,5,6.31,6.31,5.46,6.4,6.92,5.85,3.01,Web Developer,Information Technology
8.2,7.78,7.43,7.34,7.32,6.78,7.23,6.32,7.15,7.21,2.84,Web Developer,Information Technology
8.99,8.32,5.87,6.51,7.31,7.19,5.38,7.23,5.98,7.17,2.67,Web Developer,Information Technology
9.43,8.19,5.29,5.89,6.36,6.87,6.1,5.2,5.78,6.06,2.69,Web Developer,Information Technology
8.1,9.3,5.38,5.74,6.68,6.95,6.54,6.83,6.2,6.79,3.3,Web Developer,Information Technology
7.23,7.67,4.23,5.45,4.89,9.23,8.67,6.45,8.12,5.67,3.78,Aerospace Engineer,Physics/Engineering
7.18,7.58,3.95,5.08,4.53,9.65,8.69,6.78,8.69,5.51,3.33,Aerospace Engineer,Physics/Engineering
7.67,8.09,4.79,5.76,5.45,9.3,8.88,6.32,8.11,5.82,3.09,Aerospace Engineer,Physics/Engineering
7.18,7.41,4.21,5.67,5.43,9.41,8.53,6.58,8.04,5.92,3.66,Aerospace Engineer,Physics/Engineering
7.52,8.27,4.94,5.99,5.32,9,8.66,6.76,7.92,5.91,3.54,Aerospace Engineer,Physics/Engineering
7.75,8.43,4.76,6.2,5.48,9.09,9.11,6.18,8.12,5.41,3.47,Aerospace Engineer,Physics/Engineering
7.55,8.03,4.63,5.48,4.93,9.11,8.89,6.61,8.46,5.72,3.53,Aerospace Engineer,Physics/Engineering
7.38,7.98,4.42,5.58,4.56,9.25,8.82,6.38,8.24,5.82,4,Aerospace Engineer,Physics/Engineering
8.2,8.65,5.2,6.2,5.8,9.07,8.41,6.23,7.66,6.15,3.7,Aerospace Engineer,Physics/Engineering
7.25,7.86,4.41,5.57,5.06,9.04,8.69,6.64,8.41,5.31,3.48,Aerospace Engineer,Physics/Engineering
7.24,7.75,4.71,5.74,5.01,8.91,8.74,6.15,7.88,5.32,3.91,Aerospace Engineer,Physics/Engineering
7.09,7.78,4.35,5.24,4.76,9.09,8.52,6.1,8.06,5.59,3.52,Aerospace Engineer,Physics/Engineering
7.09,7.42,4.03,5.48,4.89,9.35,8.94,6.94,8.26,5.68,3.98,Aerospace Engineer,Physics/Engineering
6.92,7.82,4.3,5.89,5.12,9.47,8.83,6.52,7.98,5.8,3.51,Aerospace Engineer,Physics/Engineering
7.62,7.91,4.3,6.01,5.13,9.23,8.43,6.83,8.04,6.25,3.09,Aerospace Engineer,Physics/Engineering
7.1,7.48,4.18,5.51,4.66,8.76,8.54,6.72,8.46,5.7,3.74,Aerospace Engineer,Physics/Engineering
7.19,7.34,4.4,5.44,4.8,9.27,8.9,6.67,8.12,5.88,3.45,Aerospace Engineer,Physics/Engineering
6.96,7.46,4.18,5.57,5.06,9.38,8.28,6.57,8.7,5.54,3.72,Aerospace Engineer,Physics/Engineering
7.91,8.16,4.34,6.2,5.49,9.4,8.38,6.14,8.26,5.99,3.37,Aerospace Engineer,Physics/Engineering
6.9,7.67,4.16,5,5.08,8.98,8.23,6.29,7.75,5.52,3.76,Aerospace Engineer,Physics/Engineering
8.45,7.01,5.34,5.45,4.56,7.73,5.4,4.95,6.51,6.23,3.95,Architect,Physics/Engineering
8.45,7.01,5.34,5.45,4.56,5.34,5.29,1.44,6.33,5.32,3.67,Architect,Physics/Engineering
9.46,8.02,6.35,6.46,5.57,6.05,6,1.54,7.14,6.02,3.3,Architect,Physics/Engineering
8.47,7.24,5.15,5.3,4.4,8.1,5.54,5.09,7.2,6.01,3.57,Architect,Physics/Engineering
9.24,7.9,6.54,6.29,5.77,7.67,5.76,4.76,6.66,6.32,3.37,Architect,Physics/Engineering
8.49,6.84,5.56,6.26,5.9,7.81,5.35,4.94,6.58,6.42,3.84,Architect,Physics/Engineering
9.04,8.06,6.6,6.56,5.16,7.3,5.5,5.07,6.45,6.41,3.74,Architect,Physics/Engineering
9.39,8.31,6.26,6.6,5.48,7.42,6.04,4.65,6.67,5.91,3.69,Architect,Physics/Engineering
9.06,7.74,6.16,5.68,4.5,7.43,5.78,4.97,7.05,6.22,3.73,Architect,Physics/Engineering
8.8,7.77,5.91,6.02,4.4,7.62,5.69,4.8,6.81,6.32,4,Architect,Physics/Engineering
9.7,8.5,6.6,6.6,5.9,5.52,5.24,1.44,6.33,6.38,3.6,Architect,Physics/Engineering
8.59,7.62,5.93,6.05,5.13,5.48,5.63,1.74,7.22,5.2,3.38,Architect,Physics/Engineering
8.6,7.27,6.34,6.22,4.71,5.24,5.71,1.38,6.59,5.22,3.81,Architect,Physics/Engineering
8.34,7.54,5.89,5.49,4.6,5.56,5.39,1.35,6.8,5.59,3.42,Architect,Physics/Engineering
8.34,6.92,5.28,5.97,4.91,6.02,5.98,1.95,7.04,5.72,3.88,Architect,Physics/Engineering
8.2,7.43,5.58,6.55,5.04,6.22,5.84,1.65,6.7,5.88,3.41,Architect,Physics/Engineering
9.16,7.61,5.61,6.6,5.13,5.81,5.28,1.88,6.77,6.4,3,Architect,Physics/Engineering
8.37,6.95,5.48,5.93,4.4,5.1,5.42,1.8,7.28,5.74,3.64,Architect,Physics/Engineering
8.5,6.8,5.9,5.78,4.53,5.87,5.93,1.76,6.87,6.01,3.35,Architect,Physics/Engineering
8.2,6.89,5.45,6.02,5.08,6.07,5.06,1.69,7.4,5.52,3.62,Architect,Physics/Engineering
7.89,7.67,4.01,5.23,4.56,7.78,4.62,4.29,6.23,6.45,3.62,Biomedical Engineer,Physics/Engineering
7.89,7.67,4.01,5.23,4.56,5.44,4.75,1.7,6.25,4.99,3.31,Biomedical Engineer,Physics/Engineering
8.9,8.68,5.02,6.24,5.57,6.14,5.45,1.8,7.05,5.7,2.68,Biomedical Engineer,Physics/Engineering
8.57,7.95,5,5.88,5.23,6,5.41,3.5,6.23,5.96,3.34,Biomedical Engineer,Physics/Engineering
8.15,8.49,4.59,5.9,4.68,5.89,5.36,3.7,6.83,5.1,3.35,Biomedical Engineer,Physics/Engineering
8.24,8.13,4.27,5.39,4.85,7.59,4.97,3.4,7.02,5.78,3.11,Biomedical Engineer,Physics/Engineering
8.82,8.22,4.45,5.8,4.96,5.68,5.27,2.09,6.41,6.03,3.55,Biomedical Engineer,Physics/Engineering
8.18,8.11,4.61,6.01,5.49,6.62,5.02,3.97,6.77,5.23,3.33,Biomedical Engineer,Physics/Engineering
8.36,7.71,4.08,5.73,5.56,5.96,5.03,3.1,6.84,6.13,3.37,Biomedical Engineer,Physics/Engineering
8.79,7.84,4.64,5.24,4.61,5.53,4.79,2.43,6.93,5.84,3.49,Biomedical Engineer,Physics/Engineering
8.6,8.12,5,5.24,5.33,5.52,5.11,2.8,6.58,6.38,2.94,Biomedical Engineer,Physics/Engineering
7.95,7.88,4.2,5.59,4.94,5.85,4.77,1.8,6.48,5.05,3.44,Biomedical Engineer,Physics/Engineering
8.04,7.72,4.81,6.17,4.96,7.47,4.9,2.03,6.5,5.38,2.86,Biomedical Engineer,Physics/Engineering
7.9,8.52,4.93,5.46,5.32,6.1,5.33,3.68,6.81,5.87,3,Biomedical Engineer,Physics/Engineering
8.53,8.66,4.96,5.87,5.49,7.66,4.79,1.7,6.9,5.42,3,Biomedical Engineer,Physics/Engineering
8.34,8.47,4.98,5.45,5.52,6.8,4.68,2.78,6.38,6.03,3.6,Biomedical Engineer,Physics/Engineering
8.03,8.53,4.54,5.55,5.14,6.46,4.68,3.05,6.53,6.1,3.49,Biomedical Engineer,Physics/Engineering
8.86,7.91,5,6.09,4.92,6.8,5.4,1.84,6.97,5.14,3.34,Biomedical Engineer,Physics/Engineering
8.42,8.64,4.77,5.97,5.36,6.65,5.04,4.22,6.89,5.74,3.36,Biomedical Engineer,Physics/Engineering
8.13,7.87,4.17,5.33,4.81,7.22,4.96,2.29,7.04,5.73,3.21,Biomedical Engineer,Physics/Engineering
6.78,8.67,4.23,5.23,4.67,7.73,4.73,4.45,5.73,6.95,3.71,Civil Engineer,Physics/Engineering
6.98,8.87,4.43,5.43,4.87,7.93,4.93,4.65,5.93,7.15,2.68,Civil Engineer,Physics/Engineering
6.78,8.67,4.23,5.23,4.67,5.5,4.24,2.07,5.99,4.44,3.38,Civil Engineer,Physics/Engineering
6.98,8.87,4.43,5.43,4.87,5.64,4.38,2.09,6.15,4.58,3.43,Civil Engineer,Physics/Engineering
7.79,9.68,5.24,6.24,5.68,6.21,4.94,2.17,6.8,5.14,2.72,Civil Engineer,Physics/Engineering
7.99,9.88,5.44,6.44,5.88,6.35,5.08,2.19,6.96,5.28,2.44,Civil Engineer,Physics/Engineering
6.99,8.78,4.25,5.17,4.5,8.2,4.84,4.74,6.3,6.91,2.7,Civil Engineer,Physics/Engineering
7.62,9.59,5.64,6.24,5.95,7.94,4.99,4.52,5.91,7.14,2.27,Civil Engineer,Physics/Engineering
6.92,8.5,4.66,6.21,6.1,8.04,4.72,4.64,5.86,7.21,3.3,Civil Engineer,Physics/Engineering
7.28,9.84,5.74,6.51,5.45,7.67,4.82,4.73,5.77,7.2,3.09,Civil Engineer,Physics/Engineering
7.62,10,5.36,6.7,5.73,7.75,5.18,4.45,5.91,6.84,2.96,Civil Engineer,Physics/Engineering
7.38,9.46,5.26,5.63,4.83,7.77,5.01,4.66,6.16,7.07,3.06,Civil Engineer,Physics/Engineering
7.21,9.41,5.01,5.97,4.5,6.04,4.84,2.13,6.77,5.12,3.84,Civil Engineer,Physics/Engineering
8.3,10,5.8,6.7,6.1,5.72,4.35,2.1,5.9,5.58,3.2,Civil Engineer,Physics/Engineering
7.03,9.23,5.03,6,5.35,5.68,4.68,2.2,7.05,4.4,2.75,Civil Engineer,Physics/Engineering
6.9,8.98,5.44,6.17,5.01,5.44,4.75,2.08,6.2,4.42,3.61,Civil Engineer,Physics/Engineering
6.81,9.11,4.99,5.44,4.87,5.76,4.48,2.07,6.48,4.79,2.83,Civil Engineer,Physics/Engineering
6.83,8.5,4.38,5.92,5.13,6.22,4.98,2.27,6.8,4.92,3.77,Civil Engineer,Physics/Engineering
6.6,9.11,4.68,6.5,5.3,6.42,4.86,2.17,6.36,5.08,2.82,Civil Engineer,Physics/Engineering
7.56,9.28,4.71,6.7,5.37,6.01,4.38,2.24,6.45,5.6,2.2,Civil Engineer,Physics/Engineering
4.56,6.78,5.67,3.23,2.89,5.67,4.45,4.28,3.73,5.01,2.71,Construction Engineer,Physics/Engineering
4.56,6.78,5.67,3.23,2.89,4.08,3.41,1.85,4.31,2.93,2.01,Construction Engineer,Physics/Engineering
5.57,7.79,6.68,4.24,3.9,4.79,4.12,1.95,5.12,3.63,2.35,Construction Engineer,Physics/Engineering
4.93,6.89,5.48,3.12,2.7,6.1,4.44,4.49,4.5,4.86,2.33,Construction Engineer,Physics/Engineering
5.42,7.55,6.75,4.04,3.88,5.72,4.63,4.16,3.96,5.17,2.09,Construction Engineer,Physics/Engineering
4.82,6.5,5.86,4.02,3.98,5.86,4.28,4.34,3.89,5.27,2.66,Construction Engineer,Physics/Engineering
5.02,7.71,6.89,4.28,3.48,5.35,4.41,4.47,3.77,5.26,2.54,Construction Engineer,Physics/Engineering
5.33,7.96,6.57,4.6,3.74,5.47,4.86,4.05,3.97,4.76,2.47,Construction Engineer,Physics/Engineering
5.17,7.39,6.44,3.53,2.92,5.48,4.64,4.37,4.31,5.07,2.53,Construction Engineer,Physics/Engineering
5.06,7.42,6.18,3.81,2.7,4.64,4.12,1.92,5.04,3.47,2.8,Construction Engineer,Physics/Engineering
5.9,8.1,6.9,4.6,4.1,4.32,3.54,1.85,4.24,3.93,2.43,Construction Engineer,Physics/Engineering
4.91,7.27,6.18,3.83,3.33,4.28,3.93,2.04,5.28,2.75,2.16,Construction Engineer,Physics/Engineering
4.72,6.92,6.59,3.98,3.07,4.04,4.01,1.81,4.54,2.77,2.67,Construction Engineer,Physics/Engineering
4.74,7.19,6.13,3.35,2.88,4.36,3.69,1.78,4.79,3.14,2.21,Construction Engineer,Physics/Engineering
4.76,6.57,5.6,3.76,3.11,4.82,4.28,2.19,5.07,3.27,2.76,Construction Engineer,Physics/Engineering
4.4,7.08,5.92,4.26,3.31,5.02,4.14,1.98,4.68,3.43,2.2,Construction Engineer,Physics/Engineering
4.69,6.6,5.8,3.73,2.7,3.9,3.72,2.08,5.35,3.29,2.47,Construction Engineer,Physics/Engineering
4.81,6.5,6.16,3.61,2.86,4.67,4.23,2.05,4.87,3.56,2.14,Construction Engineer,Physics/Engineering
4.45,6.54,5.79,3.81,3.3,4.87,3.36,2.01,5.5,3.07,2.45,Construction Engineer,Physics/Engineering
5.56,7.48,5.87,4.6,3.73,4.9,3.5,1.8,5.08,3.71,2.04,Construction Engineer,Physics/Engineering
7.23,7.67,4.23,5.45,4.89,7.45,4.84,4.56,6.06,6.56,2.65,Electrical Engineer,Physics/Engineering
7.43,7.87,4.43,5.65,5.09,7.65,5.04,4.76,6.26,6.76,3.35,Electrical Engineer,Physics/Engineering
7.23,7.67,4.23,5.45,4.89,5.24,4.46,1.6,5.92,4.71,2.21,Electrical Engineer,Physics/Engineering
7.43,7.87,4.43,5.65,5.09,5.38,4.6,1.62,6.08,4.85,3.36,Electrical Engineer,Physics/Engineering
8.24,8.68,5.24,6.46,5.9,5.94,5.17,1.7,6.72,5.41,2.94,Electrical Engineer,Physics/Engineering
8.44,8.88,5.44,6.66,6.1,6.08,5.31,1.72,6.88,5.55,2.36,Electrical Engineer,Physics/Engineering
7.47,7.85,4.23,5.3,4.78,7.95,4.94,4.84,6.6,6.52,2.7,Electrical Engineer,Physics/Engineering
8.24,8.65,5.57,6.33,6.2,7.69,5.13,4.62,6.21,6.75,2.27,Electrical Engineer,Physics/Engineering
7.49,7.61,4.64,6.23,6.25,7.79,4.78,4.74,6.15,6.82,3.3,Electrical Engineer,Physics/Engineering
8.04,8.94,5.7,6.66,5.85,7.42,4.91,4.83,6.06,6.81,3.09,Electrical Engineer,Physics/Engineering
8.39,9.1,5.45,6.9,6.12,7.5,5.36,4.55,6.22,6.45,2.96,Electrical Engineer,Physics/Engineering
8.06,8.57,5.28,5.85,5.25,7.52,5.14,4.76,6.48,6.68,3.06,Electrical Engineer,Physics/Engineering
7.8,8.46,4.98,6.06,4.7,7.65,5.07,4.65,6.31,6.75,3.96,Electrical Engineer,Physics/Engineering
8.9,9.1,5.7,6.9,6.25,7.48,4.66,4.58,5.9,6.99,3.38,Electrical Engineer,Physics/Engineering
7.59,8.29,4.96,6.05,5.61,5.58,5.08,1.72,7.05,4.73,2.78,Electrical Engineer,Physics/Engineering
7.6,8.15,5.42,6.29,5.4,5.34,5.15,1.6,6.45,4.75,3.78,Electrical Engineer,Physics/Engineering
7.34,8.15,4.89,5.52,5.14,5.66,4.88,1.59,6.65,5.07,2.87,Electrical Engineer,Physics/Engineering
7.34,7.61,4.36,5.92,5.37,6.12,5.38,1.79,6.88,5.17,3.96,Electrical Engineer,Physics/Engineering
7.11,8.24,4.74,6.55,5.63,6.3,5.26,1.69,6.56,5.31,2.86,Electrical Engineer,Physics/Engineering
8.16,8.36,4.75,6.75,5.67,5.91,4.78,1.76,6.63,5.75,2,Electrical Engineer,Physics/Engineering
8.67,8.12,4.01,5.23,4.67,8.4,4.62,4.34,6.67,6.68,2.2,Environmental Engineer,Physics/Engineering
8.12,8.67,4.67,5.23,4.11,8.4,4.95,4.39,6.12,6.95,2.83,Environmental Engineer,Physics/Engineering
7.92,8.47,4.47,5.03,3.91,8.2,4.75,4.19,5.92,6.75,2.44,Environmental Engineer,Physics/Engineering
8.67,8.12,4.01,5.23,4.67,5.85,5.14,1.85,6.77,5.38,2.39,Environmental Engineer,Physics/Engineering
8.12,8.67,4.67,5.23,4.11,5.9,4.99,2.24,6.66,5.11,3.65,Environmental Engineer,Physics/Engineering
7.92,8.47,4.47,5.03,3.91,5.76,4.85,2.22,6.5,4.97,3.29,Environmental Engineer,Physics/Engineering
9.68,9.13,5.02,6.24,5.68,6.56,5.84,1.95,7.58,6.09,3.8,Environmental Engineer,Physics/Engineering
9.13,9.68,5.68,6.24,5.12,6.61,5.7,2.34,7.47,5.81,2.26,Environmental Engineer,Physics/Engineering
8.93,9.48,5.48,6.04,4.92,6.47,5.56,2.32,7.31,5.67,3.54,Environmental Engineer,Physics/Engineering
8.13,8.37,3.96,4.9,3.75,8.45,4.77,4.43,6.8,6.7,2.32,Environmental Engineer,Physics/Engineering
8.62,8.88,5.04,5.37,4.86,8.37,4.91,4.25,6.26,6.89,2,Environmental Engineer,Physics/Engineering
8.07,8.1,4.29,5.36,4.9,8.42,4.66,4.35,6.18,6.95,2.81,Environmental Engineer,Physics/Engineering
8.35,9.02,5.1,5.5,4.56,8.22,4.75,4.42,6.04,6.94,2.64,Environmental Engineer,Physics/Engineering
8.62,9.1,4.91,5.5,4.77,8.27,5.05,4.19,6.27,6.64,2.54,Environmental Engineer,Physics/Engineering
8.43,8.78,4.79,5.06,4.1,8.27,4.92,4.36,6.68,6.83,2.62,Environmental Engineer,Physics/Engineering
8.29,8.77,4.56,5.24,3.67,8.35,4.87,4.27,6.42,6.89,3.36,Environmental Engineer,Physics/Engineering
8.9,9.1,5.1,5.5,4.9,5.76,4.79,2.02,6.35,5.53,3.38,Environmental Engineer,Physics/Engineering
8.15,8.66,4.55,5.25,4.4,5.74,4.99,2.27,6.87,4.92,3.04,Environmental Engineer,Physics/Engineering
8.06,8.44,4.91,5.33,4.22,5.67,5.03,1.97,6.49,4.93,3.68,Environmental Engineer,Physics/Engineering
7.99,8.59,4.5,4.97,4.04,5.77,4.87,1.94,6.62,5.12,3.1,Environmental Engineer,Physics/Engineering
7.67,6.89,3.78,4.89,4.34,7.28,4.34,4.06,6.01,5.89,3.69,Industrial Engineer,Physics/Engineering
7.67,6.89,3.78,4.89,4.34,5.06,4.59,1.45,5.9,4.81,2.52,Industrial Engineer,Physics/Engineering
8.68,7.9,4.79,5.9,5.35,5.76,5.3,1.56,6.71,5.52,2.42,Industrial Engineer,Physics/Engineering
6.01,7.34,4.01,5.23,4.67,6.68,4.62,4.34,5.34,6.29,3.94,Industrial Engineer,Physics/Engineering
6.01,7.34,4.01,5.23,4.67,4.74,3.81,1.54,5.21,4.05,2.26,Industrial Engineer,Physics/Engineering
7.02,8.35,5.02,6.24,5.68,5.45,4.51,1.64,6.02,4.76,2.79,Industrial Engineer,Physics/Engineering
7.23,7.12,3.66,4.9,4.3,7.7,4.54,4.23,6.4,5.76,2.94,Industrial Engineer,Physics/Engineering
7.79,7.78,4.67,5.73,5.44,7.39,4.73,4.05,6.01,5.99,2.54,Industrial Engineer,Physics/Engineering
7.15,6.9,3.96,5.69,5.53,7.49,4.38,4.15,5.95,6.06,3.48,Industrial Engineer,Physics/Engineering
7.44,7.96,4.76,5.98,5.1,7.12,4.51,4.22,5.84,6.05,3.29,Industrial Engineer,Physics/Engineering
6.41,7.9,4.37,5.8,5.05,6.59,4.93,4.19,5.42,6.04,3.41,Industrial Engineer,Physics/Engineering
6.28,7.53,4.3,5.08,4.46,6.61,4.76,4.36,5.68,6.27,3.47,Industrial Engineer,Physics/Engineering
6.18,7.52,4.14,5.3,4.3,6.75,4.7,4.27,5.51,6.34,4,Industrial Engineer,Physics/Engineering
6.6,7.9,4.6,5.8,5.2,6.57,4.37,4.21,5.1,6.58,3.68,Industrial Engineer,Physics/Engineering
7.82,7.77,4.68,6.02,5.5,5.24,4.93,1.64,6.98,4.5,2.55,Industrial Engineer,Physics/Engineering
7.77,7.54,5.04,6.18,5.33,4.97,5.01,1.48,6.24,4.52,3.41,Industrial Engineer,Physics/Engineering
7.61,7.67,4.64,5.56,5.1,5.33,4.69,1.47,6.49,4.89,2.63,Industrial Engineer,Physics/Engineering
7.62,7.14,4.15,5.94,5.29,5.86,5.28,1.74,6.77,5.02,3.57,Industrial Engineer,Physics/Engineering
7.33,7.65,4.42,6.44,5.52,6.08,5.14,1.6,6.38,5.18,2.62,Industrial Engineer,Physics/Engineering
8.32,7.8,4.45,6.64,5.55,5.61,4.58,1.7,6.46,5.6,2,Industrial Engineer,Physics/Engineering
6.78,7.67,3.78,4.89,4.34,7.23,4.34,4.06,5.56,6.28,3.73,Mechanical Engineer,Physics/Engineering
7.67,6.89,3.78,4.89,4.34,7.28,4.34,4.06,6.01,5.89,2.97,Mechanical Engineer,Physics/Engineering
7.47,6.69,3.58,4.69,4.14,7.08,4.14,3.86,5.81,5.69,2.25,Mechanical Engineer,Physics/Engineering
6.78,7.67,3.78,4.89,4.34,5.1,4.15,1.77,5.69,4.37,2,Mechanical Engineer,Physics/Engineering
7.67,6.89,3.78,4.89,4.34,5.06,4.59,1.45,5.9,4.81,2.68,Mechanical Engineer,Physics/Engineering
7.47,6.69,3.58,4.69,4.14,4.92,4.45,1.43,5.74,4.67,3.84,Mechanical Engineer,Physics/Engineering
7.79,8.68,4.79,5.9,5.35,5.81,4.85,1.87,6.5,5.08,2.86,Mechanical Engineer,Physics/Engineering
8.68,7.9,4.79,5.9,5.35,5.76,5.3,1.56,6.71,5.52,3.98,Mechanical Engineer,Physics/Engineering
8.48,7.7,4.59,5.7,5.15,5.62,5.16,1.54,6.55,5.38,3.68,Mechanical Engineer,Physics/Engineering
6.78,7.23,3.89,5.12,4.67,7.01,4.51,4.28,5.73,6.18,3.12,Mechanical Engineer,Physics/Engineering
6.58,7.03,3.69,4.92,4.47,6.81,4.31,4.08,5.53,5.98,2.8,Mechanical Engineer,Physics/Engineering
7.43,7.87,4.43,5.65,5.09,7.65,5.04,4.76,6.26,6.76,2.09,Mechanical Engineer,Physics/Engineering
6.78,7.23,3.89,5.12,4.67,4.93,4.17,1.49,5.56,4.41,2.17,Mechanical Engineer,Physics/Engineering
6.58,7.03,3.69,4.92,4.47,4.79,4.03,1.47,5.4,4.27,2.4,Mechanical Engineer,Physics/Engineering
7.43,7.87,4.43,5.65,5.09,5.38,4.6,1.62,6.08,4.85,2.75,Mechanical Engineer,Physics/Engineering
7.79,8.24,4.9,6.13,5.68,5.63,4.88,1.59,6.37,5.12,3.41,Mechanical Engineer,Physics/Engineering
7.59,8.04,4.7,5.93,5.48,5.49,4.74,1.57,6.21,4.98,3.09,Mechanical Engineer,Physics/Engineering
8.44,8.88,5.44,6.66,6.1,6.08,5.31,1.72,6.88,5.55,2.74,Mechanical Engineer,Physics/Engineering
7.24,7.81,4.44,5.67,5.21,5.2,4.68,1.82,6.76,4.4,2.8,Mechanical Engineer,Physics/Engineering
7.16,7.38,4.81,5.78,4.57,4.9,4.77,1.39,5.8,4.42,3.66,Mechanical Engineer,Physics/Engineering
7.34,7.67,4.23,5.23,4.67,7.51,4.73,4.45,6.01,6.45,2.99,Robotics Engineer,Physics/Engineering
7.54,7.87,4.43,5.43,4.87,7.71,4.93,4.65,6.21,6.65,3.61,Robotics Engineer,Physics/Engineering
7.34,7.67,4.23,5.23,4.67,5.27,4.52,1.67,5.97,4.72,3.78,Robotics Engineer,Physics/Engineering
7.54,7.87,4.43,5.43,4.87,5.41,4.66,1.69,6.13,4.86,3.11,Robotics Engineer,Physics/Engineering
8.35,8.68,5.24,6.24,5.68,5.98,5.22,1.77,6.78,5.42,3.86,Robotics Engineer,Physics/Engineering
8.55,8.88,5.44,6.44,5.88,6.12,5.36,1.79,6.94,5.56,3.29,Robotics Engineer,Physics/Engineering
7.57,7.9,4.23,5.21,4.58,7.9,4.89,4.71,6.55,6.43,2.8,Robotics Engineer,Physics/Engineering
8.34,8.7,5.57,6.28,6,7.71,5.05,4.53,6.16,6.62,2.37,Robotics Engineer,Physics/Engineering
7.59,7.66,4.64,6.18,6.06,7.78,4.75,4.63,6.1,6.68,3.4,Robotics Engineer,Physics/Engineering
8.14,8.99,5.7,6.61,5.65,7.53,4.86,4.7,6.01,6.67,3.19,Robotics Engineer,Physics/Engineering
8.49,9.2,5.45,6.7,5.92,7.59,5.26,4.47,6.17,6.37,3.06,Robotics Engineer,Physics/Engineering
8.16,8.62,5.28,5.8,5.05,7.59,5.07,4.64,6.43,6.56,3.16,Robotics Engineer,Physics/Engineering
7.9,8.51,4.98,6.01,4.49,7.68,5.01,4.55,6.26,6.62,4,Robotics Engineer,Physics/Engineering
9,9.2,5.7,6.7,6.1,7.57,4.64,4.49,5.85,6.82,3.48,Robotics Engineer,Physics/Engineering
7.69,8.34,4.96,6,5.41,5.53,5.14,1.79,6.96,4.73,3.24,Robotics Engineer,Physics/Engineering
7.7,8.2,5.42,6.24,5.2,5.29,5.19,1.67,6.43,4.75,3.88,Robotics Engineer,Physics/Engineering
7.44,8.2,4.89,5.47,4.94,5.61,4.97,1.66,6.61,5.07,3.3,Robotics Engineer,Physics/Engineering
7.44,7.66,4.36,5.87,5.17,6.07,5.39,1.86,6.81,5.17,4,Robotics Engineer,Physics/Engineering
7.21,8.29,4.74,6.5,5.43,6.27,5.28,1.76,6.53,5.31,3.29,Robotics Engineer,Physics/Engineering
8.26,8.41,4.75,6.7,5.47,5.86,4.88,1.83,6.59,5.75,2.67,Robotics Engineer,Physics/Engineering
